File,Revisions,Refactorings,BugFixes,SumOfAdded Lines,MaxOfAdded Lines,AvgOfAdded Lines,SumOfDeleted Lines,MaxOfDeleted Lines,AvgOfDeleted Lines,MaxOfCodeChurn,AvgOfCodeChurn,MaxOfCount,AvgChangeset,Age
],507,20,0,,,,,,,0,0,60,2.09,10
all_changes.log,4,0,0,52,,13,52,,13,44,26,1,1,10
applications/console/console-core/LICENSE.txt,2,0,0,0,,0,0,,0,0,0,225,113.5,7
applications/console/console-core/NOTICE.txt,2,0,0,0,,0,0,,0,0,0,225,113.5,7
applications/console/console-core/pom.xml,2,0,0,0,,0,0,,0,0,0,60,30.5,7
applications/console/console-core/src/main/java,2,0,0,0,,0,0,,0,0,0,225,113,7
applications/console/console-ear/LICENSE.txt,2,0,0,0,,0,0,,0,0,0,225,114,7
applications/console/console-ear/NOTICE.txt,2,0,0,0,,0,0,,0,0,0,225,114,7
applications/console/console-ear/pom.xml,4,0,0,4,,1,0,,0,2,1,225,72.25,7
applications/console/console-ear/src/main/application,2,0,0,0,,0,0,,0,0,0,225,113,7
applications/console/console-framework/LICENSE.txt,2,0,0,0,,0,0,,0,0,0,225,114,7
applications/console/console-framework/NOTICE.txt,2,0,0,0,,0,0,,0,0,0,225,114,7
applications/console/console-framework/pom.xml,4,0,0,4,,1,0,,0,2,1,225,72.25,7
applications/console/console-framework/src/main/java,2,0,0,0,,0,0,,0,0,0,225,113.5,7
applications/console/console-framework/src/main/webapp,2,0,0,0,,0,0,,0,0,0,225,113.5,7
applications/console/console-standard/LICENSE.txt,2,0,0,0,,0,0,,0,0,0,225,114,7
applications/console/console-standard/NOTICE.txt,2,0,0,0,,0,0,,0,0,0,225,114,7
applications/console/console-standard/pom.xml,4,0,0,12,,3,0,,0,6,3,225,72.25,7
applications/console/console-standard/src/main/java,2,0,0,0,,0,0,,0,0,0,225,114,7
applications/console/console-standard/src/main/resources,2,0,0,0,,0,0,,0,0,0,225,114,7
applications/console/console-standard/src/main/webapp,2,0,0,0,,0,0,,0,0,0,225,114,7
applications/console/geronimo-console-core/pom.xml,4,0,0,0,,0,74,,18,37,18.5,36,10,8
applications/console/geronimo-console-ear/pom.xml,2,0,0,0,,0,0,,0,0,0,36,18.5,7
applications/console/geronimo-console-framework/pom.xml,2,0,0,0,,0,0,,0,0,0,36,18.5,7
applications/console/geronimo-console-framework/src/main/webapp/js/forms.js,2,0,0,0,,0,0,,0,0,0,16,8.5,10
applications/console/geronimo-console-standard/pom.xml,7,0,0,3,,0,27,,4,12,4.29,44,16.43,9
applications/console/geronimo-console-standard/src/main/java/org/apache/geronimo/console/databasemanager/wizard/DatabaseInfo.java,2,0,0,0,,0,0,,0,0,0,2,2,8
applications/console/geronimo-console-standard/src/main/java/org/apache/geronimo/console/databasemanager/wizard/DatabasePoolPortlet.java,4,0,0,4,,1,2,,0,3,1.5,6,3,8
applications/console/geronimo-console-standard/src/main/java/org/apache/geronimo/console/internaldb/DBViewerPortlet.java,2,0,0,0,,0,0,,0,0,0,46,26,8
applications/console/geronimo-console-standard/src/main/java/org/apache/geronimo/console/internaldb/DerbyConnectionUtil.java,2,0,0,0,,0,0,,0,0,0,2,2,8
applications/console/geronimo-console-standard/src/main/java/org/apache/geronimo/console/internaldb/InternalDBHelper.java,2,0,0,0,,0,0,,0,0,0,46,26,8
applications/console/geronimo-console-standard/src/main/java/org/apache/geronimo/console/internaldb/RunSQLHelper.java,2,0,0,0,,0,0,,0,0,0,46,26,8
applications/console/geronimo-console-standard/src/main/java/org/apache/geronimo/console/jmsmanager/activemqCF/ActiveMQConnectorHelper.java,2,0,0,0,,0,0,,0,0,0,46,24,8
applications/console/geronimo-console-standard/src/main/java/org/apache/geronimo/console/jmsmanager/renderers/ViewDLQRenderer.java,5,0,0,9,,2,3,,1,4,2.4,46,16.8,9
applications/console/geronimo-console-standard/src/main/java/org/apache/geronimo/console/jmsmanager/renderers/ViewMessagesRenderer.java,2,0,0,0,,0,0,,0,0,0,46,25,8
applications/console/geronimo-console-standard/src/main/java/org/apache/geronimo/console/jmsmanager/server/JMSConnectorPortlet.java,2,0,0,0,,0,0,,0,0,0,16,9,10
applications/console/geronimo-console-standard/src/main/java/org/apache/geronimo/console/jmsmanager/wizard/AbstractHandler.java,2,0,0,0,,0,0,,0,0,0,6,4,8
applications/console/geronimo-console-standard/src/main/java/org/apache/geronimo/console/jmsmanager/wizard/ListScreenHandler.java,2,0,0,0,,0,0,,0,0,0,46,24,8
applications/console/geronimo-console-standard/src/main/java/org/apache/geronimo/console/repository/RepositoryViewPortlet.java,2,0,0,0,,0,0,,0,0,0,46,24,8
applications/console/geronimo-console-standard/src/main/java/org/apache/geronimo/console/securitymanager/realm/MasterLoginModuleInfo.java,2,0,0,0,,0,0,,0,0,0,16,9,10
applications/console/geronimo-console-standard/src/main/java/org/apache/geronimo/console/securitymanager/realm/SecurityRealmPortlet.java,4,0,0,2,,0,2,,0,2,1,46,14,8
applications/console/geronimo-console-standard/src/main/java/org/apache/geronimo/console/util/PortletManager.java,2,0,0,0,,0,0,,0,0,0,46,24,8
applications/console/geronimo-console-standard/src/main/resources/jms-resource-providers.properties,2,0,0,0,,0,0,,0,0,0,1,1,8
applications/console/geronimo-console-standard/src/main/webapp/WEB-INF/classes/login-modules.properties,2,0,0,0,,0,0,,0,0,0,16,8.5,10
applications/console/geronimo-console-standard/src/main/webapp/WEB-INF/view/internaldb/runSQLNormal.jsp,2,0,0,0,,0,0,,0,0,0,1,1,10
applications/console/geronimo-console-standard/src/main/webapp/WEB-INF/view/jmsmanager/server/connector/editGeneric.jsp,2,0,0,0,,0,0,,0,0,0,16,8.5,10
applications/console/geronimo-console-standard/src/main/webapp/WEB-INF/view/keystore/configureKey.jsp,2,0,0,0,,0,0,,0,0,0,16,9,10
applications/console/geronimo-console-standard/src/main/webapp/WEB-INF/view/keystore/uploadCertificate.jsp,2,0,0,0,,0,0,,0,0,0,16,9,10
applications/console/geronimo-console-standard/src/main/webapp/WEB-INF/view/realmwizard/_sql.jsp,2,0,0,0,,0,0,,0,0,0,16,10.5,10
applications/console/geronimo-console-standard/src/main/webapp/WEB-INF/view/realmwizard/advanced.jsp,2,0,0,0,,0,0,,0,0,0,16,10.5,10
applications/console/geronimo-console-standard/src/main/webapp/WEB-INF/view/realmwizard/configure.jsp,2,0,0,0,,0,0,,0,0,0,16,10.5,10
applications/console/geronimo-console-standard/src/main/webapp/WEB-INF/view/realmwizard/selectType.jsp,2,0,0,0,,0,0,,0,0,0,16,10.5,10
applications/console/geronimo-console-standard/src/main/webapp/WEB-INF/view/realmwizard/testLogin.jsp,2,0,0,0,,0,0,,0,0,0,16,10.5,10
applications/console/geronimo-console-standard/src/main/webapp/WEB-INF/view/webmanager/connector/editHTTP.jsp,2,0,0,0,,0,0,,0,0,0,16,9,10
applications/console/geronimo-console-standard/src/main/webapp/WEB-INF/view/webmanager/connector/editHTTPS.jsp,2,0,0,0,,0,0,,0,0,0,16,9,10
applications/console/pom.xml,4,0,0,8,,2,8,,2,8,4,225,65.75,7
applications/demo/NOTICE.txt,2,0,0,0,,0,0,,0,0,0,225,113,7
applications/geronimo-examples/geronimo-jsp-examples/pom.xml,4,0,0,2,,0,36,,9,19,9.5,225,57,7
applications/geronimo-examples/geronimo-servlet-examples/pom.xml,2,0,0,0,,0,0,,0,0,0,225,113,7
applications/geronimo-ldap-demo/pom.xml,2,0,0,0,,0,0,,0,0,0,36,18.5,7
applications/geronimo-remote-deploy/pom.xml,2,0,0,0,,0,0,,0,0,0,36,18.5,7
applications/geronimo-uddi-db/pom.xml,4,0,0,2,,0,2,,0,2,1,36,9.75,7
applications/geronimo-uddi-server/pom.xml,4,0,0,28,,7,30,,8,29,14.5,36,11.5,8
applications/geronimo-welcome/pom.xml,4,0,0,22,,6,24,,6,23,11.5,36,11.5,8
applications/ldap-realm-demo/LICENSE.txt,2,0,0,0,,0,0,,0,0,0,225,114,7
applications/ldap-realm-demo/NOTICE.txt,2,0,0,0,,0,0,,0,0,0,225,114,7
applications/ldap-realm-demo/pom.xml,4,0,0,4,,1,0,,0,2,1,225,72.25,7
applications/ldap-realm-demo/src/main/webapp,2,0,0,0,,0,0,,0,0,0,225,113,7
applications/magicGball/magicGball-client/LICENSE.txt,2,0,0,0,,0,0,,0,0,0,225,113.5,7
applications/magicGball/magicGball-client/NOTICE.txt,2,0,0,0,,0,0,,0,0,0,225,113.5,7
applications/magicGball/magicGball-ear/LICENSE.txt,2,0,0,0,,0,0,,0,0,0,225,114,7
applications/magicGball/magicGball-ear/NOTICE.txt,2,0,0,0,,0,0,,0,0,0,225,114,7
applications/magicGball/magicGball-ear/pom.xml,2,0,0,0,,0,0,,0,0,0,225,114,7
applications/magicGball/magicGball-ear/src/main/plan/magicgball-corba-nosec-plan.xml,2,0,0,6,,3,0,,0,3,3,2,2,10
applications/magicGball/magicGball-ear/src/main/plan/magicgball-corba-plan.xml,2,0,0,6,,3,0,,0,3,3,2,2,10
applications/magicGball/magicGball-ejb/LICENSE.txt,2,0,0,0,,0,0,,0,0,0,225,113.5,7
applications/magicGball/magicGball-ejb/NOTICE.txt,2,0,0,0,,0,0,,0,0,0,225,113.5,7
applications/magicGball/magicGball-web/LICENSE.txt,2,0,0,0,,0,0,,0,0,0,225,114,7
applications/magicGball/magicGball-web/NOTICE.txt,2,0,0,0,,0,0,,0,0,0,225,114,7
applications/magicGball/magicGball-web/pom.xml,2,0,0,0,,0,0,,0,0,0,225,114,7
applications/magicGball/pom.xml,2,0,0,0,,0,0,,0,0,0,225,113,7
applications/pom.xml,2,0,0,0,,0,0,,0,0,0,36,18.5,7
applications/remote-deploy/maven.xml,2,0,0,0,,0,0,,0,0,0,36,20,7
applications/remote-deploy/pom.xml,6,0,0,4,,1,0,,0,2,0.67,225,54.5,7
applications/remote-deploy/project.properties,2,0,0,0,,0,0,,0,0,0,36,20,7
applications/remote-deploy/project.xml,2,0,0,0,,0,0,,0,0,0,36,20,7
applications/remote-deploy/src/java,2,0,0,0,,0,0,,0,0,0,36,19,7
applications/remote-deploy/src/main/java,4,0,0,0,,0,0,,0,0,0,225,66.25,7
applications/remote-deploy/src/main/webapp,4,0,0,0,,0,0,,0,0,0,225,66.25,7
applications/remote-deploy/src/webapp,2,0,0,0,,0,0,,0,0,0,36,19,7
applications/uddi-db/LICENSE.txt,2,0,0,0,,0,0,,0,0,0,225,114,7
applications/uddi-db/NOTICE.txt,2,0,0,0,,0,0,,0,0,0,225,114,7
applications/uddi-db/pom.xml,4,0,0,2,,0,2,,0,2,1,225,72.25,7
applications/uddi-db/src/main/sql,2,0,0,0,,0,0,,0,0,0,225,113,7
applications/uddi-server/maven.xml,2,0,0,0,,0,0,,0,0,0,36,21,7
applications/uddi-server/NOTICE,2,0,0,0,,0,0,,0,0,0,36,21,7
applications/uddi-server/NOTICE.txt,4,0,0,0,,0,0,,0,0,0,36,11,7
applications/uddi-server/pom.xml,4,0,0,0,,0,0,,0,0,0,60,25.75,7
applications/uddi-server/project.properties,2,0,0,0,,0,0,,0,0,0,36,21,7
applications/uddi-server/project.xml,2,0,0,0,,0,0,,0,0,0,36,21,7
applications/uddi-server/src/main/webapp,4,0,0,0,,0,0,,0,0,0,225,65.75,7
applications/uddi-server/src/webapp,2,0,0,0,,0,0,,0,0,0,36,18.5,7
applications/welcome/maven.xml,2,0,0,0,,0,0,,0,0,0,36,20,7
applications/welcome/pom.xml,4,0,0,0,,0,0,,0,0,0,60,25.25,7
applications/welcome/project.properties,2,0,0,0,,0,0,,0,0,0,36,20,7
applications/welcome/project.xml,2,0,0,0,,0,0,,0,0,0,36,20,7
applications/welcome/src/java,2,0,0,0,,0,0,,0,0,0,36,19.5,7
applications/welcome/src/main/java,4,0,0,0,,0,0,,0,0,0,225,66.25,7
applications/welcome/src/main/webapp,4,0,0,0,,0,0,,0,0,0,225,66.25,7
applications/welcome/src/plan,2,0,0,0,,0,0,,0,0,0,36,19.5,7
applications/welcome/src/webapp,2,0,0,0,,0,0,,0,0,0,36,19.5,7
assemblies/geronimo-boilerplate-j2ee/pom.xml,4,0,0,166,,42,22,,6,94,47,44,12,10
assemblies/geronimo-boilerplate-minimal/pom.xml,3,0,0,14,,5,84,,28,94,32.67,60,35.33,10
assemblies/geronimo-boilerplate-minimal/src/main/resources/bin/deploy.bat,2,0,0,0,,0,0,,0,0,0,6,6,7
assemblies/geronimo-boilerplate-minimal/src/main/resources/bin/geronimo.bat,2,0,0,0,,0,0,,0,0,0,6,6,7
assemblies/geronimo-boilerplate-minimal/src/main/resources/bin/setjavaenv.bat,2,0,0,0,,0,0,,0,0,0,6,6,7
assemblies/geronimo-boilerplate-minimal/src/main/resources/bin/shutdown.bat,2,0,0,0,,0,0,,0,0,0,6,6,7
assemblies/geronimo-boilerplate-minimal/src/main/resources/bin/shutdown.sh,2,0,0,0,,0,0,,0,0,0,6,6,7
assemblies/geronimo-boilerplate-minimal/src/main/resources/bin/startup.bat,2,0,0,0,,0,0,,0,0,0,6,6,7
assemblies/geronimo-boilerplate-minimal/src/main/resources/LICENSE.txt,2,0,0,118,,59,0,,0,59,59,2,2,8
assemblies/geronimo-boilerplate-minimal/src/main/resources/NOTICE.txt,2,0,0,16,,8,0,,0,8,8,2,2,8
assemblies/geronimo-boilerplate-minimal/src/main/resources/var/log/client-log4j.properties,2,0,0,0,,0,0,,0,0,0,2,2,8
assemblies/geronimo-boilerplate-minimal/src/main/resources/var/log/server-log4j.properties,2,0,0,0,,0,0,,0,0,0,2,2,8
assemblies/geronimo-jetty-j2ee/pom.xml,4,0,0,26,,6,0,,0,13,6.5,98,27.25,10
assemblies/geronimo-jetty-j2ee/src/main/assembly/bin.xml,2,0,0,0,,0,0,,0,0,0,9,5,7
assemblies/geronimo-jetty-minimal/pom.xml,2,0,0,0,,0,0,,0,0,0,9,5,7
assemblies/geronimo-jetty-minimal/src/main/assembly/bin.xml,2,0,0,0,,0,0,,0,0,0,9,5,7
assemblies/geronimo-tomcat-j2ee/pom.xml,2,0,0,0,,0,0,,0,0,0,9,5,7
assemblies/geronimo-tomcat-j2ee/src/main/assembly/bin.xml,2,0,0,0,,0,0,,0,0,0,9,5,7
assemblies/geronimo-tomcat-minimal/pom.xml,2,0,0,0,,0,0,,0,0,0,9,5,7
assemblies/geronimo-tomcat-minimal/src/main/assembly/bin.xml,2,0,0,0,,0,0,,0,0,0,9,5,7
assemblies/j2ee-jetty-server/maven.xml,2,0,0,0,,0,0,,0,0,0,25,14,7
assemblies/j2ee-jetty-server/project.properties,2,0,0,0,,0,0,,0,0,0,25,14,7
assemblies/j2ee-jetty-server/project.xml,2,0,0,0,,0,0,,0,0,0,25,14,7
assemblies/j2ee-tomcat-server/maven.xml,2,0,0,0,,0,0,,0,0,0,25,14,7
assemblies/j2ee-tomcat-server/project.properties,2,0,0,0,,0,0,,0,0,0,25,14,7
assemblies/j2ee-tomcat-server/project.xml,2,0,0,0,,0,0,,0,0,0,25,14,7
assemblies/minimal-jetty-server/maven.xml,2,0,0,0,,0,0,,0,0,0,25,14,7
assemblies/minimal-jetty-server/project.properties,2,0,0,0,,0,0,,0,0,0,25,14,7
assemblies/minimal-jetty-server/project.xml,2,0,0,0,,0,0,,0,0,0,25,14,7
assemblies/minimal-tomcat-server/maven.xml,2,0,0,0,,0,0,,0,0,0,25,14,7
assemblies/minimal-tomcat-server/project.properties,2,0,0,0,,0,0,,0,0,0,25,14,7
assemblies/minimal-tomcat-server/project.xml,2,0,0,0,,0,0,,0,0,0,25,14,7
assemblies/pom.xml,2,0,0,0,,0,2,,1,2,1,6,5,7
bootstrap,2,0,0,19,,10,0,,0,19,9.5,3,3,8
bootstrap.bat,3,0,0,20,,7,1,,0,19,7,3,2.33,8
bootstrap.xml,5,0,0,31,,6,13,,3,23,8.8,6,2.8,8
BUILDING.txt,6,0,0,12,,2,6,,1,6,3,4,1.67,10
configs/activemq/src/plan/plan.xml,3,0,0,0,,0,0,,0,0,0,16,11,9
configs/activemq-broker/pom.xml,3,0,0,0,,0,0,,0,0,0,16,11,9
configs/activemq-broker/src/plan/plan.xml,5,0,0,2,,0,18,,4,10,4,16,7.4,10
configs/axis-deployer/src/plan/plan.xml,2,2,0,0,,0,0,,0,0,0,98,49.5,10
configs/client/pom.xml,8,0,0,198,,25,36,,4,72,29.25,60,10.12,10
configs/client-corba/pom.xml,2,0,0,0,,0,0,,0,0,0,8,4.5,8
configs/client-deployer/pom.xml,2,0,0,0,,0,0,,0,0,0,8,4.5,8
configs/client-deployer/src/plan/plan.xml,4,2,0,40,,10,26,,6,33,16.5,98,25.75,10
configs/client-security/pom.xml,4,0,0,24,,6,14,,4,19,9.5,44,13.5,8
configs/client-system/pom.xml,6,0,0,30,,5,12,,2,17,7,44,9.67,9
configs/console-jetty/pom.xml,2,0,0,0,,0,0,,0,0,0,44,22.5,7
configs/console-jetty/src/main/resources/META-INF,2,0,0,0,,0,0,,0,0,0,44,22.5,7
configs/console-tomcat/pom.xml,2,0,0,0,,0,0,,0,0,0,44,22.5,7
configs/console-tomcat/src/main/resources/META-INF,2,0,0,0,,0,0,,0,0,0,44,22.5,7
configs/directory/pom.xml,2,0,0,0,,0,0,,0,0,0,44,22.5,7
configs/geronimo-gbean-deployer/pom.xml,2,0,0,0,,0,0,,0,0,0,4,2.5,7
configs/hot-deployer/pom.xml,2,0,0,0,,0,0,,0,0,0,4,2.5,7
configs/j2ee-corba/pom.xml,2,0,0,0,,0,0,,0,0,0,44,22.5,7
configs/j2ee-deployer/pom.xml,4,0,0,2,,0,0,,0,1,0.5,44,12.5,7
configs/j2ee-deployer/src/plan/plan.xml,4,2,0,76,,19,38,,10,57,28.5,98,25.25,10
configs/j2ee-security/pom.xml,2,0,0,0,,0,0,,0,0,0,44,22.5,7
configs/j2ee-server/pom.xml,2,0,0,0,,0,0,,0,0,0,44,22.5,7
configs/j2ee-system/pom.xml,4,0,0,0,,0,8,,2,4,2,60,26.5,10
configs/javamail/pom.xml,2,0,0,0,,0,0,,0,0,0,44,22.5,7
configs/jetty/pom.xml,4,0,0,14,,4,0,,0,7,3.5,98,36,10
configs/jetty-clustering-builder-wadi/LICENSE.txt,4,0,0,6,,2,0,,0,3,1.5,98,28,10
configs/jetty-clustering-builder-wadi/NOTICE.txt,4,0,0,6,,2,0,,0,3,1.5,98,28,10
configs/jetty-clustering-builder-wadi/pom.xml,6,0,0,46,,8,12,,2,20,9.67,98,19.33,10
configs/jetty-clustering-builder-wadi/src/plan/plan.xml,6,0,0,62,,10,32,,5,31,15.67,98,18.5,10
configs/jetty-clustering-wadi/LICENSE.txt,4,0,0,6,,2,0,,0,3,1.5,98,28,10
configs/jetty-clustering-wadi/NOTICE.txt,4,0,0,6,,2,0,,0,3,1.5,98,28,10
configs/jetty-clustering-wadi/pom.xml,4,0,0,104,,26,0,,0,49,26,98,28,10
configs/jetty-clustering-wadi/src/plan/plan.xml,6,0,0,110,,18,32,,5,37,23.67,98,18.5,10
configs/jetty-deployer/pom.xml,2,0,0,0,,0,0,,0,0,0,44,22.5,7
configs/jetty-deployer/src/plan/plan.xml,4,2,0,6,,2,0,,0,3,1.5,98,49.5,10
configs/jsp-examples-jetty/pom.xml,6,0,0,8,,1,16,,3,7,4,44,9.33,7
configs/jsp-examples-tomcat/pom.xml,6,0,0,8,,1,16,,3,7,4,44,9.33,7
configs/ldap-demo-jetty/pom.xml,2,0,0,0,,0,0,,0,0,0,44,22.5,7
configs/ldap-demo-tomcat/pom.xml,2,0,0,0,,0,0,,0,0,0,44,22.5,7
configs/ldap-realm/pom.xml,2,0,0,0,,0,0,,0,0,0,44,22.5,7
configs/online-deployer/pom.xml,2,0,0,0,,0,0,,0,0,0,44,22.5,7
configs/openejb/pom.xml,4,0,0,16,,4,6,,2,11,5.5,60,26.5,10
configs/openejb/src/plan/plan.xml,2,0,0,0,,0,0,,0,0,0,60,30.5,10
configs/openejb-deployer/pom.xml,4,0,0,56,,14,2,,0,29,14.5,44,13,7
configs/openejb-deployer/src/plan/plan.xml,2,2,0,0,,0,0,,0,0,0,98,49.5,10
configs/pom.xml,3,0,0,4,,1,2,,1,4,2,3,3,10
configs/rmi-naming/pom.xml,6,0,0,10,,2,2,,0,5,2,60,18.5,10
configs/servlet-examples-jetty/pom.xml,8,0,0,8,,1,56,,7,20,8,44,7.5,7
configs/servlet-examples-tomcat/pom.xml,8,0,0,8,,1,56,,7,20,8,44,7.5,7
configs/servlets-examples-jetty/pom.xml,2,0,0,0,,0,0,,0,0,0,60,30.5,7
configs/servlets-examples-tomcat/pom.xml,2,0,0,0,,0,0,,0,0,0,60,30.5,7
configs/sharedlib/pom.xml,2,0,0,0,,0,0,,0,0,0,44,22.5,7
configs/shutdown/pom.xml,2,0,0,0,,0,0,,0,0,0,44,22.5,7
configs/system-database/pom.xml,2,0,0,0,,0,0,,0,0,0,44,22.5,7
configs/tomcat/pom.xml,2,0,0,0,,0,0,,0,0,0,44,22.5,7
configs/tomcat-deployer/pom.xml,2,0,0,0,,0,0,,0,0,0,44,22.5,7
configs/tomcat-deployer/src/plan/plan.xml,2,2,0,0,,0,0,,0,0,0,98,49.5,10
configs/uddi-jetty/pom.xml,4,0,0,0,,0,16,,4,8,4,44,12.75,7
configs/uddi-jetty/src/plan/plan.xml,2,0,0,0,,0,0,,0,0,0,5,3,7
configs/uddi-tomcat/pom.xml,4,0,0,0,,0,16,,4,8,4,44,12.75,7
configs/uddi-tomcat/src/plan/plan.xml,2,0,0,0,,0,0,,0,0,0,5,3,7
configs/unavailable-client-deployer/pom.xml,2,0,0,0,,0,0,,0,0,0,44,22.5,7
configs/unavailable-ejb-deployer/pom.xml,2,0,0,0,,0,0,,0,0,0,44,22.5,7
configs/unavailable-ejb-deployer/src/plan/plan.xml,2,2,0,0,,0,0,,0,0,0,98,49.5,10
configs/unavailable-webservices-deployer/pom.xml,2,0,0,0,,0,0,,0,0,0,44,22.5,7
configs/unavailable-webservices-deployer/src/plan/plan.xml,2,2,0,0,,0,0,,0,0,0,98,49.5,10
configs/upgrade/pom.xml,2,0,0,0,,0,0,,0,0,0,44,22.5,7
configs/upgrade-cli/pom.xml,2,0,0,0,,0,0,,0,0,0,44,22.5,7
configs/webconsole-jetty/pom.xml,5,0,0,21,,4,15,,3,12,7.2,16,7.4,9
configs/webconsole-tomcat/pom.xml,5,0,0,24,,5,15,,3,13,7.8,16,7.4,9
configs/welcome-jetty/pom.xml,2,0,0,0,,0,0,,0,0,0,44,22.5,7
configs/welcome-tomcat/pom.xml,2,0,0,0,,0,0,,0,0,0,44,22.5,7
etc,1,0,0,0,,0,0,,0,0,0,4,4,7
KEYS,2,0,0,11,,6,6,,3,11,8.5,1,1,8
m2-assemblies/pom.xml,4,0,0,0,,0,0,,0,0,0,60,16.5,7
m2-plugins/pom.xml,4,0,0,0,,0,0,,0,0,0,60,17,7
maven.xml,1,0,0,0,,0,0,,0,0,0,4,4,7
maven-plugins/car-maven-plugin/LICENSE.txt,2,0,0,0,,0,0,,0,0,0,4,3,7
maven-plugins/car-maven-plugin/NOTICE.txt,2,0,0,4,,2,0,,0,2,2,4,3,7
maven-plugins/car-maven-plugin/pom.xml,6,0,0,2,,0,28,,5,9,5,44,9.17,8
maven-plugins/car-maven-plugin/src/main/java/org/apache/geronimo/plugin/car/AbstractCarMojo.java,2,0,0,0,,0,0,,0,0,0,18,13,9
maven-plugins/car-maven-plugin/src/main/java/org/apache/geronimo/plugin/car/ClasspathElement.java,2,0,0,0,,0,0,,0,0,0,18,13,9
maven-plugins/car-maven-plugin/src/main/java/org/apache/geronimo/plugin/car/InstallArtifactsMojo.java,2,0,0,0,,0,0,,0,0,0,18,13,9
maven-plugins/car-maven-plugin/src/main/java/org/apache/geronimo/plugin/car/PackageMojo.java,2,0,0,0,,0,0,,0,0,0,18,13,9
maven-plugins/car-maven-plugin/src/site/apt/usage.apt,2,0,0,0,,0,0,,0,0,0,1,1,8
maven-plugins/geronimo-deployment-plugin/LICENSE.txt,2,0,0,0,,0,0,,0,0,0,4,3,7
maven-plugins/geronimo-deployment-plugin/NOTICE.txt,2,0,0,0,,0,0,,0,0,0,4,3,7
maven-plugins/geronimo-deployment-plugin/pom.xml,4,0,0,0,,0,8,,2,4,2,6,2.25,7
maven-plugins/geronimo-deployment-plugin/src/main/java/org/apache/geronimo/plugins/deployment/AbstractModuleMojo.java,2,0,0,0,,0,0,,0,0,0,18,10,9
maven-plugins/geronimo-maven-plugin/LICENSE.txt,2,0,0,0,,0,0,,0,0,0,8,5.5,9
maven-plugins/geronimo-maven-plugin/NOTICE.txt,4,0,0,12,,3,4,,1,6,4,21,8.5,9
maven-plugins/geronimo-maven-plugin/pom.xml,10,0,0,80,,8,28,,3,29,10.8,39,8.3,10
maven-plugins/geronimo-maven-plugin/src/main/java/org/apache/geronimo/mavenplugins/geronimo/AssemblyConfig.java,6,0,0,54,,9,24,,4,25,13,21,12.5,9
maven-plugins/geronimo-maven-plugin/src/main/java/org/apache/geronimo/mavenplugins/geronimo/GeronimoMojoSupport.java,2,0,0,88,,44,0,,0,44,44,39,22.5,10
maven-plugins/geronimo-maven-plugin/src/main/java/org/apache/geronimo/mavenplugins/geronimo/InstallAssemblyMojo.java,8,0,0,164,,20,136,,17,65,37.5,21,7.88,9
maven-plugins/geronimo-maven-plugin/src/main/java/org/apache/geronimo/mavenplugins/geronimo/InstallerMojoSupport.java,14,0,2,704,,50,176,,13,182,62.86,21,6.64,9
maven-plugins/geronimo-maven-plugin/src/main/java/org/apache/geronimo/mavenplugins/geronimo/MavenPluginLog.java,4,0,0,8,,2,0,,0,4,2,7,5.25,9
maven-plugins/geronimo-maven-plugin/src/main/java/org/apache/geronimo/mavenplugins/geronimo/module/DeployModuleMojo.java,6,0,0,134,,22,80,,13,66,35.67,39,17.67,10
maven-plugins/geronimo-maven-plugin/src/main/java/org/apache/geronimo/mavenplugins/geronimo/module/DeployMojo.java,2,0,0,30,,15,0,,0,15,15,39,28.5,10
maven-plugins/geronimo-maven-plugin/src/main/java/org/apache/geronimo/mavenplugins/geronimo/module/ListModulesMojo.java,4,0,0,24,,6,2,,0,11,6.5,39,19.75,10
maven-plugins/geronimo-maven-plugin/src/main/java/org/apache/geronimo/mavenplugins/geronimo/module/ModuleMojoSupport.java,4,0,0,314,,78,104,,26,157,104.5,39,21,10
maven-plugins/geronimo-maven-plugin/src/main/java/org/apache/geronimo/mavenplugins/geronimo/module/StartModuleMojo.java,6,0,0,26,,4,4,,1,11,5,39,17.67,10
maven-plugins/geronimo-maven-plugin/src/main/java/org/apache/geronimo/mavenplugins/geronimo/module/StartStopUndeployMojoSupport.java,4,0,0,78,,20,2,,0,39,20,39,21,10
maven-plugins/geronimo-maven-plugin/src/main/java/org/apache/geronimo/mavenplugins/geronimo/module/StopModuleMojo.java,6,0,0,26,,4,4,,1,11,5,39,17.67,10
maven-plugins/geronimo-maven-plugin/src/main/java/org/apache/geronimo/mavenplugins/geronimo/module/UndeployModuleMojo.java,6,0,0,26,,4,4,,1,11,5,39,17.67,10
maven-plugins/geronimo-maven-plugin/src/main/java/org/apache/geronimo/mavenplugins/geronimo/module/UndeployMojo.java,2,0,0,30,,15,0,,0,15,15,39,28.5,10
maven-plugins/geronimo-maven-plugin/src/main/java/org/apache/geronimo/mavenplugins/geronimo/ModuleConfig.java,4,0,0,58,,14,28,,7,28,21.5,39,15.5,10
maven-plugins/geronimo-maven-plugin/src/main/java/org/apache/geronimo/mavenplugins/geronimo/ObjectHolder.java,2,0,0,0,,0,0,,0,0,0,8,8,9
maven-plugins/geronimo-maven-plugin/src/main/java/org/apache/geronimo/mavenplugins/geronimo/server/InstallAssemblyMojo.java,2,0,0,22,,11,0,,0,11,11,39,26.5,10
maven-plugins/geronimo-maven-plugin/src/main/java/org/apache/geronimo/mavenplugins/geronimo/server/InstallerMojoSupport.java,4,0,0,54,,14,2,,0,27,14,39,16.75,10
maven-plugins/geronimo-maven-plugin/src/main/java/org/apache/geronimo/mavenplugins/geronimo/server/InstallMojo.java,2,0,0,30,,15,0,,0,15,15,39,26.5,10
maven-plugins/geronimo-maven-plugin/src/main/java/org/apache/geronimo/mavenplugins/geronimo/server/StartMojo.java,2,0,0,30,,15,0,,0,15,15,39,26.5,10
maven-plugins/geronimo-maven-plugin/src/main/java/org/apache/geronimo/mavenplugins/geronimo/server/StartServerMojo.java,4,0,0,6,,2,2,,0,2,2,39,14.25,10
maven-plugins/geronimo-maven-plugin/src/main/java/org/apache/geronimo/mavenplugins/geronimo/server/StopMojo.java,2,0,0,30,,15,0,,0,15,15,39,26.5,10
maven-plugins/geronimo-maven-plugin/src/main/java/org/apache/geronimo/mavenplugins/geronimo/server/StopServerMojo.java,2,0,0,22,,11,0,,0,11,11,39,26.5,10
maven-plugins/geronimo-maven-plugin/src/main/java/org/apache/geronimo/mavenplugins/geronimo/ServerMojoSupport.java,18,0,0,484,,27,456,,25,188,52.22,21,7.61,9
maven-plugins/geronimo-maven-plugin/src/main/java/org/apache/geronimo/mavenplugins/geronimo/ServerProxy.java,16,0,0,90,,6,50,,3,25,8.75,39,7.88,10
maven-plugins/geronimo-maven-plugin/src/main/java/org/apache/geronimo/mavenplugins/geronimo/StartServerMojo.java,26,0,2,506,,19,442,,17,155,36.46,21,6.5,9
maven-plugins/geronimo-maven-plugin/src/main/java/org/apache/geronimo/mavenplugins/geronimo/StopServerMojo.java,12,0,0,154,,13,334,,28,138,40.67,21,7.92,9
maven-plugins/geronimo-maven-plugin/src/main/java/org/apache/geronimo/mavenplugins/server/StartServerMojo.java,2,0,0,0,,0,0,,0,0,0,8,6,9
maven-plugins/geronimo-maven-plugin/src/main/java/org/apache/geronimo/mavenplugins/server/StopServerMojo.java,2,0,0,0,,0,0,,0,0,0,8,6,9
maven-plugins/geronimo-maven-plugin/src/main/resources/commons-logging.properties,2,0,0,0,,0,0,,0,0,0,7,4,9
maven-plugins/geronimo-maven-plugin/src/site/apt/usage.apt,10,0,0,144,,14,34,,3,75,17.8,5,1.9,9
maven-plugins/pom.xml,10,0,0,14,,1,16,,2,6,3,8,2.3,9
maven-plugins/selenium-maven-plugin/LICENSE.txt,2,0,0,0,,0,0,,0,0,0,7,5,8
maven-plugins/selenium-maven-plugin/NOTICE.txt,4,0,0,12,,3,4,,1,6,4,21,8.25,9
maven-plugins/selenium-maven-plugin/pom.xml,10,0,0,86,,9,28,,3,29,11.4,21,4.7,9
maven-plugins/selenium-maven-plugin/src/main/java/org/apache/geronimo/mavenplugins/selenium/StartServerMojo.java,30,0,0,804,,27,364,,12,190,38.93,21,3.57,9
maven-plugins/selenium-maven-plugin/src/main/resources/org/apache/geronimo/mavenplugins/selenium/default-user-extentions.js,4,0,0,52,,13,22,,6,25,18.5,21,6.75,9
maven-plugins/selenium-maven-plugin/src/main/resources/org/apache/geronimo/mavenplugins/selenium/log4j.properties,2,0,0,10,,5,0,,0,5,5,3,2,8
maven-plugins/selenium-maven-plugin/src/site/apt/usage.apt,12,0,0,140,,12,16,,1,25,13,7,1.92,9
maven-plugins/selenium-maven-plugin/src/site/site.xml,2,0,0,24,,12,0,,0,12,12,7,4,8
maven-plugins/server-maven-plugin/LICENSE.txt,2,0,0,0,,0,0,,0,0,0,9,6,8
maven-plugins/server-maven-plugin/NOTICE.txt,2,0,0,0,,0,0,,0,0,0,9,6,8
maven-plugins/server-maven-plugin/pom.xml,4,0,0,34,,8,2,,0,17,9,9,4,9
maven-plugins/server-maven-plugin/src/main/java/org/apache/geronimo/mavenplugins/server/StartServerMojo.java,4,0,0,144,,36,44,,11,72,47,9,4.5,9
maven-plugins/server-maven-plugin/src/main/java/org/apache/geronimo/mavenplugins/server/StopServerMojo.java,2,0,0,0,,0,0,,0,0,0,9,6.5,8
maven-plugins/server-maven-plugin/src/site/apt/usage.apt,2,0,0,0,,0,0,,0,0,0,9,5,8
maven-plugins/server-maven-plugin/src/site/site.xml,2,0,0,0,,0,0,,0,0,0,9,5,8
modules/activation/pom.xml,2,0,0,0,,0,0,,0,0,0,60,30.5,7
modules/activation/src/main/java,2,0,0,0,,0,0,,0,0,0,225,113.5,7
modules/activation/src/main/resources,2,0,0,0,,0,0,,0,0,0,225,113.5,7
modules/activation/src/test/java/org,2,0,0,0,,0,0,,0,0,0,225,113,7
modules/activemq-embedded-rar/pom.xml,4,0,0,26,,6,24,,6,25,12.5,225,71.75,7
modules/activemq-embedded-rar/src/main/rar,2,0,0,0,,0,0,,0,0,0,225,113,7
modules/activemq-gbean/pom.xml,4,0,0,0,,0,12,,3,6,3,225,71.75,7
modules/activemq-gbean-management/pom.xml,4,0,0,0,,0,12,,3,6,3,225,71.75,7
modules/axis/pom.xml,4,0,0,18,,4,16,,4,17,8.5,225,71.75,7
modules/axis/src/main/java,2,0,0,0,,0,0,,0,0,0,225,113.5,7
modules/axis/src/main/resources,2,0,0,0,,0,0,,0,0,0,225,113.5,7
modules/axis/src/test/java/org/apache/geronimo/axis/AbstractTestCase.java,2,0,0,0,,0,0,,0,0,0,225,113.5,7
modules/axis/src/test/resources,2,0,0,0,,0,0,,0,0,0,225,113.5,7
modules/axis/src/test/samples,2,0,0,0,,0,0,,0,0,0,225,113.5,7
modules/axis-builder/pom.xml,4,0,0,14,,4,22,,6,18,9,225,71.75,7
modules/axis-builder/src/main/java,2,0,0,0,,0,0,,0,0,0,225,113,7
modules/axis-builder/src/main/resources/META-INF/schema/soap_encoding_1_1.xsd,2,0,0,0,,0,0,,0,0,0,225,113,7
modules/axis-builder/src/main/schema/wsdl.xsd,2,0,0,0,,0,0,,0,0,0,225,113.5,7
modules/axis-builder/src/main/schema/xmlconfig.xml,2,0,0,0,,0,0,,0,0,0,225,113.5,7
modules/axis-builder/src/test/java/org/apache/geronimo/axis/builder/ParsingTest.java,2,0,0,0,,0,0,,0,0,0,225,114.5,7
modules/axis-builder/src/test/java/org/apache/geronimo/axis/builder/ServiceReferenceTest.java,2,0,0,0,,0,0,,0,0,0,225,114.5,7
modules/axis-builder/src/test/resources,2,0,0,0,,0,0,,0,0,0,225,113,7
modules/client/pom.xml,4,0,0,2,,0,0,,0,1,0.5,225,71.75,7
modules/client/src/main/java,2,0,0,0,,0,0,,0,0,0,225,113,7
modules/client-builder/pom.xml,4,0,0,16,,4,14,,4,15,7.5,225,71.75,7
modules/client-builder/src/main/java,2,0,0,0,,0,0,,0,0,0,225,114,7
modules/client-builder/src/main/resources,2,0,0,0,,0,0,,0,0,0,225,114,7
modules/client-builder/src/main/schema,2,0,0,0,,0,0,,0,0,0,225,114,7
modules/client-builder/src/test/java/org/apache/geronimo/client/builder/PlanParsingTest.java,2,0,0,0,,0,0,,0,0,0,225,113.5,7
modules/client-builder/src/test/resources,2,0,0,0,,0,0,,0,0,0,225,113,7
modules/common/pom.xml,2,0,0,0,,0,0,,0,0,0,60,30.5,7
modules/common/src/main/java,2,0,0,0,,0,0,,0,0,0,225,113,7
modules/common/src/test/java/org,2,0,0,0,,0,0,,0,0,0,225,113,7
modules/connector/pom.xml,2,0,0,0,,0,0,,0,0,0,60,30.5,7
modules/connector/src/main/java,2,0,0,0,,0,0,,0,0,0,225,113,7
modules/connector/src/test/java/org,2,0,0,0,,0,0,,0,0,0,225,113,7
modules/connector-builder/pom.xml,4,0,0,16,,4,24,,6,20,10,225,71.75,7
modules/connector-builder/src/main/java,2,0,0,0,,0,0,,0,0,0,225,113.5,7
modules/connector-builder/src/main/schema,2,0,0,0,,0,0,,0,0,0,225,113.5,7
modules/connector-builder/src/test/data,2,0,0,0,,0,0,,0,0,0,225,113.5,7
modules/connector-builder/src/test/java/org/apache/geronimo/connector/deployment/ConnectorModuleBuilderTest.java,2,0,0,0,,0,0,,0,0,0,225,115.5,7
modules/connector-builder/src/test/java/org/apache/geronimo/connector/deployment/PlanParsingTest.java,2,0,0,0,,0,0,,0,0,0,225,115.5,7
modules/connector-builder/src/test/java/org/apache/geronimo/connector/deployment/RAR_1_0DConfigBeanTest.java,2,0,0,0,,0,0,,0,0,0,225,115.5,7
modules/connector-builder/src/test/resources,2,0,0,0,,0,0,,0,0,0,225,113.5,7
modules/connector-builder/src/test/script/test-setup.xml,2,0,0,0,,0,0,,0,0,0,225,113,7
modules/converter/pom.xml,4,0,0,2,,0,0,,0,1,0.5,225,71.75,7
modules/converter/src/main/java,2,0,0,0,,0,0,,0,0,0,225,113,7
modules/core/pom.xml,2,0,0,0,,0,0,,0,0,0,60,30.5,7
modules/core/src/main/java,2,0,0,0,,0,0,,0,0,0,225,113,7
modules/core/src/test/java/org,2,0,0,0,,0,0,,0,0,0,225,113,7
modules/deploy-config/pom.xml,2,0,0,0,,0,0,,0,0,0,60,30.5,7
modules/deploy-config/src/main/java,2,0,0,0,,0,0,,0,0,0,225,113,7
modules/deploy-config/src/test/java/org,2,0,0,0,,0,0,,0,0,0,225,113,7
modules/deploy-jsr88/pom.xml,2,0,0,0,,0,0,,0,0,0,60,30.5,7
modules/deploy-jsr88/src/main/java,2,0,0,0,,0,0,,0,0,0,225,113,7
modules/deploy-jsr88/src/test/java/org,2,0,0,0,,0,0,,0,0,0,225,113,7
modules/deployment/pom.xml,2,0,0,0,,0,0,,0,0,0,60,30.5,7
modules/deployment/src/main/java/org/apache/geronimo/deployment/NamespaceDrivenBuilder.java,2,0,0,0,,0,0,,0,0,0,225,114.5,7
modules/deployment/src/main/java/org/apache/geronimo/deployment/NamespaceDrivenBuilderCollection.java,2,0,0,0,,0,0,,0,0,0,225,114.5,7
modules/deployment/src/test/java/org,2,0,0,0,,0,0,,0,0,0,225,113,7
modules/deploy-tool/pom.xml,2,0,0,0,,0,0,,0,0,0,60,30.5,7
modules/deploy-tool/src/main/java,2,0,0,0,,0,0,,0,0,0,225,113,7
modules/deploy-tool/src/test/java/org,2,0,0,0,,0,0,,0,0,0,225,113,7
modules/derby/pom.xml,2,0,0,0,,0,0,,0,0,0,60,30.5,7
modules/derby/src/main/java,2,0,0,0,,0,0,,0,0,0,225,113,7
modules/derby/src/test/java/org,2,0,0,0,,0,0,,0,0,0,225,113,7
modules/directory/pom.xml,4,0,0,8,,2,16,,4,12,6,225,71.75,7
modules/directory/src/main/java,2,0,0,0,,0,0,,0,0,0,225,114,7
modules/directory/src/main/resources,2,0,0,0,,0,0,,0,0,0,225,114,7
modules/directory/src/main/schema,2,0,0,0,,0,0,,0,0,0,225,114,7
modules/directory/src/test/java/org,2,0,0,0,,0,0,,0,0,0,225,113,7
modules/directory/src/test/resources,2,0,0,0,,0,0,,0,0,0,225,113,7
modules/ge-activemq-rar/pom.xml,9,0,0,258,,29,70,,8,127,36.44,49,9.67,10
modules/ge-activemq-rar/src/main/rar/META-INF/ra.xml,3,0,0,0,,0,0,,0,0,0,16,11,9
modules/geronimo-activation/pom.xml,6,0,0,14,,2,14,,2,7,4.67,51,22.33,8
modules/geronimo-activation/src/test/java/org/apache/geronimo/activation/handlers/AbstractHandler.java,2,0,0,0,,0,0,,0,0,0,8,8,8
modules/geronimo-activation/src/test/java/org/apache/geronimo/activation/handlers/TextHtmlTest.java,2,0,0,0,,0,0,,0,0,0,8,8,8
modules/geronimo-activation/src/test/java/org/apache/geronimo/activation/handlers/TextPlainTest.java,2,0,0,0,,0,0,,0,0,0,8,8,8
modules/geronimo-activation/src/test/java/org/apache/geronimo/activation/handlers/TextXmlTest.java,2,0,0,0,,0,0,,0,0,0,8,8,8
modules/geronimo-activemq-gbean/pom.xml,9,0,0,20,,2,86,,10,26,11.78,51,18.56,9
modules/geronimo-activemq-gbean/src/main/java/org/apache/activemq/gbean/BrokerServiceGBean.java,2,0,0,0,,0,0,,0,0,0,82,44.5,7
modules/geronimo-activemq-gbean/src/main/java/org/apache/activemq/gbean/BrokerServiceGBeanImpl.java,7,0,0,59,,8,39,,6,46,14,82,18.29,10
modules/geronimo-activemq-gbean/src/main/java/org/apache/activemq/gbean/management/ActiveMQManagerGBean.java,5,0,0,6,,1,6,,1,4,2.4,82,23.6,9
modules/geronimo-activemq-gbean/src/main/java/org/apache/activemq/gbean/package.html,2,0,0,0,,0,0,,0,0,0,82,44.5,7
modules/geronimo-activemq-gbean/src/main/java/org/apache/activemq/gbean/TransportConnectorGBeanImpl.java,2,0,0,0,,0,0,,0,0,0,82,44.5,7
modules/geronimo-activemq-gbean/src/test/java/org/apache/activemq/gbean/ConnectorTest.java,2,0,0,0,,0,0,,0,0,0,82,42,7
modules/geronimo-activemq-gbean-management/pom.xml,6,0,0,16,,3,16,,3,9,5.33,51,22.33,8
modules/geronimo-activemq-gbean-management/src/main/java/org/apache/activemq/gbean/ActiveMQBroker.java,2,0,0,0,,0,0,,0,0,0,82,44.5,7
modules/geronimo-activemq-gbean-management/src/main/java/org/apache/activemq/gbean/ActiveMQConnector.java,2,0,0,0,,0,0,,0,0,0,82,44.5,7
modules/geronimo-activemq-gbean-management/src/main/java/org/apache/activemq/gbean/ActiveMQManager.java,2,0,0,0,,0,0,,0,0,0,82,44.5,7
modules/geronimo-activemq-gbean-management/src/main/java/org/apache/activemq/gbean/package.html,2,0,0,0,,0,0,,0,0,0,82,44.5,7
modules/geronimo-axis/pom.xml,4,0,0,0,,0,14,,4,7,3.5,51,25.5,8
modules/geronimo-axis/src/main/java/org/apache/geronimo/axis/client/ServiceEndpointMethodInterceptor.java,2,0,0,0,,0,0,,0,0,0,6,4,10
modules/geronimo-axis/src/main/resources/META-INF/geronimo-dependency.xml,2,0,0,0,,0,0,,0,0,0,82,41.5,7
modules/geronimo-axis/src/test/java/org/apache/geronimo/axis/AxisWebServiceContainerTest.java,4,0,0,6,,2,0,,0,3,1.5,2,2,8
modules/geronimo-axis-builder/pom.xml,4,0,0,0,,0,14,,4,7,3.5,51,25.5,8
modules/geronimo-axis-builder/src/main/java/org/apache/geronimo/axis/builder/AxisBuilder.java,2,2,0,0,,0,0,,0,0,0,98,51,10
modules/geronimo-axis-builder/src/main/java/org/apache/geronimo/axis/builder/AxisServiceRefBuilder.java,2,2,0,94,,47,0,,0,47,47,98,51,10
modules/geronimo-axis-builder/src/test/java/org/apache/geronimo/axis/builder/ServiceReferenceTest.java,2,2,0,0,,0,0,,0,0,0,98,50,10
modules/geronimo-client/pom.xml,6,0,0,14,,2,14,,2,7,4.67,51,22.33,8
modules/geronimo-client-builder/pom.xml,4,0,0,0,,0,14,,4,7,3.5,51,25.5,8
modules/geronimo-client-builder/src/main/java/org/apache/geronimo/client/builder/AppClientModuleBuilder.java,2,2,0,0,,0,0,,0,0,0,98,50,10
modules/geronimo-client-builder/src/main/resources/META-INF/geronimo-dependency.xml,2,0,0,0,,0,0,,0,0,0,82,41.5,7
modules/geronimo-client-builder/src/test/java/org/apache/geronimo/client/builder/PlanParsingTest.java,2,2,0,0,,0,0,,0,0,0,98,50,10
modules/geronimo-clustering/pom.xml,2,0,0,38,,19,0,,0,19,19,98,49.5,10
modules/geronimo-clustering/src/main/java/org/apache/geronimo/clustering/BasicNode.java,2,0,0,10,,5,0,,0,5,5,98,57,10
modules/geronimo-clustering/src/main/java/org/apache/geronimo/clustering/ClusteredInvocation.java,2,0,0,10,,5,0,,0,5,5,98,57,10
modules/geronimo-clustering/src/main/java/org/apache/geronimo/clustering/ClusteredInvocationException.java,2,0,0,10,,5,0,,0,5,5,98,57,10
modules/geronimo-clustering/src/main/java/org/apache/geronimo/clustering/Node.java,2,0,0,10,,5,0,,0,5,5,98,57,10
modules/geronimo-clustering/src/main/java/org/apache/geronimo/clustering/Session.java,2,0,0,10,,5,0,,0,5,5,98,57,10
modules/geronimo-clustering/src/main/java/org/apache/geronimo/clustering/SessionAlreadyExistException.java,2,0,0,10,,5,0,,0,5,5,98,57,10
modules/geronimo-clustering/src/main/java/org/apache/geronimo/clustering/SessionListener.java,2,0,0,10,,5,0,,0,5,5,98,57,10
modules/geronimo-clustering/src/main/java/org/apache/geronimo/clustering/SessionManager.java,2,0,0,10,,5,0,,0,5,5,98,57,10
modules/geronimo-clustering-builder-wadi/pom.xml,4,0,0,52,,13,14,,4,26,16.5,98,25.75,10
modules/geronimo-clustering-builder-wadi/src/main/java/org/apache/geronimo/clustering/wadi/jetty/WADIJettyClusteringBuilder.java,2,0,0,110,,55,0,,0,55,55,98,50,10
modules/geronimo-clustering-builder-wadi/src/main/schema/geronimo-clustering-wadi-1.2.xsd,2,0,0,10,,5,0,,0,5,5,98,50,10
modules/geronimo-clustering-builder-wadi/src/main/schema/xmlconfig.xml,2,0,0,2,,1,0,,0,1,1,98,50,10
modules/geronimo-clustering-wadi/pom.xml,2,0,0,86,,43,0,,0,43,43,98,49.5,10
modules/geronimo-clustering-wadi/src/main/java/org/apache/geronimo/clustering/wadi/ActiveClusterDispatcherHolder.java,2,0,0,10,,5,0,,0,5,5,98,59,10
modules/geronimo-clustering-wadi/src/main/java/org/apache/geronimo/clustering/wadi/BasicReplicaStorageFactoryGBean.java,2,0,0,6,,3,0,,0,3,3,98,59,10
modules/geronimo-clustering-wadi/src/main/java/org/apache/geronimo/clustering/wadi/BasicReplicationManagerFactoryGBean.java,2,0,0,12,,6,0,,0,6,6,98,59,10
modules/geronimo-clustering-wadi/src/main/java/org/apache/geronimo/clustering/wadi/BasicWADISessionManager.java,2,0,0,380,,190,0,,0,190,190,98,59,10
modules/geronimo-clustering-wadi/src/main/java/org/apache/geronimo/clustering/wadi/DispatcherHolder.java,2,0,0,10,,5,0,,0,5,5,98,59,10
modules/geronimo-clustering-wadi/src/main/java/org/apache/geronimo/clustering/wadi/RoundRobinBackingStrategyFactoryGBean.java,2,0,0,10,,5,0,,0,5,5,98,59,10
modules/geronimo-clustering-wadi/src/main/java/org/apache/geronimo/clustering/wadi/TribesDispatcherHolder.java,2,0,0,10,,5,0,,0,5,5,98,59,10
modules/geronimo-clustering-wadi/src/main/java/org/apache/geronimo/clustering/wadi/WADIClusteredHandleInterceptor.java,2,0,0,0,,0,0,,0,0,0,98,59,10
modules/geronimo-clustering-wadi/src/main/java/org/apache/geronimo/clustering/wadi/WADISessionAdaptor.java,2,0,0,132,,66,0,,0,66,66,98,59,10
modules/geronimo-clustering-wadi/src/main/java/org/apache/geronimo/clustering/wadi/WADISessionManager.java,2,0,0,10,,5,0,,0,5,5,98,59,10
modules/geronimo-common/pom.xml,6,0,0,14,,2,14,,2,7,4.67,51,22.33,8
modules/geronimo-common/src/main/java/org/apache/geronimo/common/FileUtils.java,2,0,0,0,,0,0,,0,0,0,82,42,7
modules/geronimo-connector/pom.xml,4,0,0,0,,0,14,,4,7,3.5,51,25.5,8
modules/geronimo-connector/src/main/java/org/apache/geronimo/connector/ConnectionReleaser.java,2,0,0,0,,0,0,,0,0,0,82,44,7
modules/geronimo-connector/src/main/java/org/apache/geronimo/connector/ConnectorTransactionContext.java,2,0,0,0,,0,0,,0,0,0,82,44,7
modules/geronimo-connector/src/main/java/org/apache/geronimo/connector/GeronimoBootstrapContext.java,2,0,0,0,,0,0,,0,0,0,82,44,7
modules/geronimo-connector/src/main/java/org/apache/geronimo/connector/outbound/AbstractSinglePoolConnectionInterceptor.java,2,0,0,0,,0,0,,0,0,0,60,32,10
modules/geronimo-connector/src/main/java/org/apache/geronimo/connector/outbound/connectiontracking/ConnectorInstanceContext.java,2,0,0,0,,0,0,,0,0,0,82,45,7
modules/geronimo-connector/src/main/java/org/apache/geronimo/connector/outbound/connectiontracking/ConnectorInstanceContextImpl.java,2,0,0,0,,0,0,,0,0,0,82,45,7
modules/geronimo-connector/src/main/java/org/apache/geronimo/connector/outbound/connectiontracking/GeronimoTransactionListener.java,2,0,0,0,,0,0,,0,0,0,82,45,7
modules/geronimo-connector/src/main/java/org/apache/geronimo/connector/outbound/connectiontracking/TrackedConnectionAssociator.java,2,0,0,0,,0,0,,0,0,0,82,45,7
modules/geronimo-connector/src/main/java/org/apache/geronimo/connector/outbound/MultiPoolConnectionInterceptor.java,2,0,0,0,,0,0,,0,0,0,60,32,10
modules/geronimo-connector/src/main/java/org/apache/geronimo/connector/outbound/SubjectInterceptor.java,2,0,0,0,,0,0,,0,0,0,6,4,10
modules/geronimo-connector/src/main/java/org/apache/geronimo/connector/outbound/TxUtil.java,2,0,0,0,,0,0,,0,0,0,82,42,7
modules/geronimo-connector/src/main/java/org/apache/geronimo/connector/work/GeronimoWorkManager.java,2,0,0,0,,0,0,,0,0,0,60,33,10
modules/geronimo-connector/src/main/java/org/apache/geronimo/connector/work/GeronimoWorkManagerGBean.java,2,0,0,0,,0,0,,0,0,0,60,33,10
modules/geronimo-connector/src/main/java/org/apache/geronimo/connector/work/pool/NamedRunnable.java,2,0,0,0,,0,0,,0,0,0,82,42,7
modules/geronimo-connector/src/main/java/org/apache/geronimo/connector/work/pool/NullWorkExecutorPool.java,2,0,0,0,,0,0,,0,0,0,60,37,10
modules/geronimo-connector/src/main/java/org/apache/geronimo/connector/work/pool/ScheduleWorkExecutor.java,2,0,0,0,,0,0,,0,0,0,60,37,10
modules/geronimo-connector/src/main/java/org/apache/geronimo/connector/work/pool/StartWorkExecutor.java,2,0,0,0,,0,0,,0,0,0,60,37,10
modules/geronimo-connector/src/main/java/org/apache/geronimo/connector/work/pool/SyncWorkExecutor.java,2,0,0,0,,0,0,,0,0,0,60,37,10
modules/geronimo-connector/src/main/java/org/apache/geronimo/connector/work/pool/WorkExecutor.java,2,0,0,0,,0,0,,0,0,0,60,37,10
modules/geronimo-connector/src/main/java/org/apache/geronimo/connector/work/pool/WorkExecutorPool.java,2,0,0,0,,0,0,,0,0,0,60,37,10
modules/geronimo-connector/src/main/java/org/apache/geronimo/connector/work/pool/WorkExecutorPoolImpl.java,2,0,0,0,,0,0,,0,0,0,60,37,10
modules/geronimo-connector/src/main/java/org/apache/geronimo/connector/work/WorkerContext.java,2,0,0,0,,0,0,,0,0,0,60,33,10
modules/geronimo-connector/src/test/java/org/apache/geronimo/connector/work/PooledWorkManagerTest.java,4,0,0,4,,1,0,,0,2,1,60,16.5,10
modules/geronimo-connector-builder/pom.xml,6,0,0,2,,0,16,,3,7,3,51,17.33,8
modules/geronimo-connector-builder/src/main/java/org/apache/geronimo/connector/deployment/AdminObjectRefBuilder.java,1,1,0,24,,24,0,,0,24,24,98,98,10
modules/geronimo-connector-builder/src/main/java/org/apache/geronimo/connector/deployment/ConnectorModuleBuilder.java,1,1,0,0,,0,0,,0,0,0,98,98,10
modules/geronimo-connector-builder/src/main/java/org/apache/geronimo/connector/deployment/RARConfigurer.java,1,0,0,0,,0,0,,0,0,0,4,4,8
modules/geronimo-connector-builder/src/main/java/org/apache/geronimo/connector/deployment/ResourceRefBuilder.java,1,1,0,10,,10,0,,0,10,10,98,98,10
modules/geronimo-connector-builder/src/test/java/org/apache/geronimo/connector/deployment/ConnectorModuleBuilderTest.java,4,2,0,12,,3,76,,19,44,22,98,38,10
modules/geronimo-connector-builder/src/test/java/org/apache/geronimo/connector/deployment/MessageDestinationTest.java,2,2,0,286,,143,0,,0,143,143,98,52,10
modules/geronimo-connector-builder/src/test/java/org/apache/geronimo/connector/deployment/PlanParsingTest.java,4,2,0,4,,1,8,,2,6,3,98,27,10
modules/geronimo-connector-builder/src/test/script/test-setup.xml,2,0,0,0,,0,0,,0,0,0,82,41.5,7
modules/geronimo-converter/pom.xml,6,0,0,14,,2,14,,2,7,4.67,51,22.33,8
modules/geronimo-core/pom.xml,6,0,0,14,,2,14,,2,7,4.67,51,22.33,8
modules/geronimo-core/src/main/java/org/apache/geronimo/pool/GeronimoExecutor.java,2,0,0,0,,0,0,,0,0,0,60,32,10
modules/geronimo-core/src/main/java/org/apache/geronimo/pool/ThreadPool.java,2,0,0,0,,0,0,,0,0,0,60,32,10
modules/geronimo-deploy-config/pom.xml,6,0,0,14,,2,14,,2,7,4.67,51,22.33,8
modules/geronimo-deploy-jsr88/pom.xml,6,0,0,16,,3,16,,3,9,5.33,51,22.33,8
modules/geronimo-deploy-jsr88/src/main/java/org/apache/geronimo/deployment/plugin/ConfigIDExtractor.java,2,0,0,0,,0,0,,0,0,0,46,25,8
modules/geronimo-deploy-jsr88/src/main/java/org/apache/geronimo/deployment/plugin/DisconnectedDeploymentManager.java,2,0,0,0,,0,0,,0,0,0,46,25,8
modules/geronimo-deploy-jsr88/src/main/java/org/apache/geronimo/deployment/plugin/factories/DeploymentFactoryImpl.java,2,0,0,0,,0,0,,0,0,0,46,24,8
modules/geronimo-deploy-jsr88/src/main/java/org/apache/geronimo/deployment/plugin/jmx/JMXDeploymentManager.java,2,0,0,0,,0,0,,0,0,0,46,25,8
modules/geronimo-deploy-jsr88/src/main/java/org/apache/geronimo/deployment/plugin/jmx/RemoteDeploymentManager.java,2,0,0,0,,0,0,,0,0,0,46,25,8
modules/geronimo-deployment/pom.xml,6,0,0,14,,2,14,,2,7,4.67,51,22.33,8
modules/geronimo-deployment/src/main/java/org/apache/geronimo/deployment/NamespaceDrivenBuilder.java,4,0,0,8,,2,0,,0,4,2,98,47,10
modules/geronimo-deployment/src/main/java/org/apache/geronimo/deployment/NamespaceDrivenBuilderCollection.java,4,0,0,24,,6,6,,2,15,7.5,98,47,10
modules/geronimo-deploy-tool/pom.xml,6,0,0,14,,2,14,,2,7,4.67,51,22.33,8
modules/geronimo-deploy-tool/src/main/java/org/apache/geronimo/deployment/cli/CommandRestart.java,2,0,0,0,,0,0,,0,0,0,82,42,7
modules/geronimo-deploy-tool/src/main/java/org/apache/geronimo/deployment/PluginBootstrap2.java,2,0,0,0,,0,0,,0,0,0,82,42,7
modules/geronimo-derby/pom.xml,6,0,0,14,,2,14,,2,7,4.67,51,22.33,8
modules/geronimo-directory/pom.xml,6,0,0,16,,3,16,,3,9,5.33,51,22.33,8
modules/geronimo-directory/src/main/resources/META-INF/geronimo-dependency.xml,2,0,0,0,,0,0,,0,0,0,82,41.5,7
modules/geronimo-hot-deploy/pom.xml,6,0,0,16,,3,16,,3,9,5.33,51,22.33,8
modules/geronimo-hot-deploy/src/main/java/org/apache/geronimo/deployment/hot/DirectoryHotDeployer.java,2,0,0,0,,0,0,,0,0,0,46,24,8
modules/geronimo-interceptor/LICENSE.txt,2,0,0,0,,0,0,,0,0,0,82,42,7
modules/geronimo-interceptor/NOTICE.txt,2,0,0,0,,0,0,,0,0,0,82,42,7
modules/geronimo-interceptor/pom.xml,6,0,0,24,,4,24,,4,13,8,51,22.33,8
modules/geronimo-j2ee/pom.xml,6,0,0,14,,2,14,,2,7,4.67,51,22.33,8
modules/geronimo-j2ee/src/main/java/org/apache/geronimo/j2ee/j2eeobjectnames/NameFactory.java,2,0,0,0,,0,0,,0,0,0,2,2,9
modules/geronimo-j2ee/src/test/java/org/apache/geronimo/j2ee/management/Abstract77Test.java,2,0,0,0,,0,0,,0,0,0,2,2,8
modules/geronimo-j2ee-builder/pom.xml,12,0,0,176,,15,120,,10,108,24.67,51,14,8
modules/geronimo-j2ee-builder/src/java/org/apache/geronimo/j2ee/deployment/SecurityBuilder.java,4,0,0,2,,0,2,,0,2,1,82,33.75,7
modules/geronimo-j2ee-builder/src/main/java/org/apache/geronimo/j2ee/deployment/ActivationSpecInfoLocator.java,1,1,0,5,,5,0,,0,5,5,98,98,10
modules/geronimo-j2ee-builder/src/main/java/org/apache/geronimo/j2ee/deployment/CorbaGBeanNameSource.java,1,1,0,6,,6,0,,0,6,6,98,98,10
modules/geronimo-j2ee-builder/src/main/java/org/apache/geronimo/j2ee/deployment/EARConfigBuilder.java,1,1,0,0,,0,0,,0,0,0,98,98,10
modules/geronimo-j2ee-builder/src/main/java/org/apache/geronimo/j2ee/deployment/EARContext.java,1,1,0,0,,0,0,,0,0,0,98,98,10
modules/geronimo-j2ee-builder/src/main/java/org/apache/geronimo/j2ee/deployment/HandlerInfoInfo.java,1,1,0,6,,6,0,,0,6,6,98,98,10
modules/geronimo-j2ee-builder/src/main/java/org/apache/geronimo/j2ee/deployment/Module.java,1,1,0,0,,0,0,,0,0,0,98,98,10
modules/geronimo-j2ee-builder/src/main/java/org/apache/geronimo/j2ee/deployment/NamingBuilder.java,1,1,0,2,,2,0,,0,2,2,98,98,10
modules/geronimo-j2ee-builder/src/main/java/org/apache/geronimo/j2ee/deployment/NamingBuilderCollection.java,1,1,0,68,,68,0,,0,68,68,98,98,10
modules/geronimo-j2ee-builder/src/main/java/org/apache/geronimo/j2ee/deployment/NamingBuilderCollectionGBean.java,1,1,0,6,,6,0,,0,6,6,98,98,10
modules/geronimo-j2ee-builder/src/main/java/org/apache/geronimo/j2ee/deployment/WebModule.java,1,1,0,0,,0,0,,0,0,0,98,98,10
modules/geronimo-j2ee-builder/src/main/schema/geronimo-application-1.2.xsd,2,0,0,0,,0,0,,0,0,0,98,49.5,10
modules/geronimo-j2ee-builder/src/test/java/org/apache/geronimo/j2ee/deployment/EARConfigBuilder13NakedTest.java,6,0,0,132,,22,100,,17,51,38.67,20,17.5,8
modules/geronimo-j2ee-builder/src/test/java/org/apache/geronimo/j2ee/deployment/EARConfigBuilder13Test.java,6,0,0,132,,22,100,,17,51,38.67,20,17.5,8
modules/geronimo-j2ee-builder/src/test/java/org/apache/geronimo/j2ee/deployment/EARConfigBuilder14AltDDTest.java,4,0,0,106,,26,74,,18,53,45,20,15.25,8
modules/geronimo-j2ee-builder/src/test/java/org/apache/geronimo/j2ee/deployment/EARConfigBuilder14AltDDUnpackedTest.java,4,0,0,106,,26,74,,18,53,45,20,15.25,8
modules/geronimo-j2ee-builder/src/test/java/org/apache/geronimo/j2ee/deployment/EARConfigBuilder14NakedTest.java,6,0,0,132,,22,100,,17,51,38.67,20,17.5,8
modules/geronimo-j2ee-builder/src/test/java/org/apache/geronimo/j2ee/deployment/EARConfigBuilder14NakedUnpackedTest.java,6,0,0,110,,18,78,,13,53,31.33,20,12.33,8
modules/geronimo-j2ee-builder/src/test/java/org/apache/geronimo/j2ee/deployment/EARConfigBuilder14Test.java,6,0,0,132,,22,100,,17,51,38.67,20,17.5,8
modules/geronimo-j2ee-builder/src/test/java/org/apache/geronimo/j2ee/deployment/EARConfigBuilder14UnpackedTest.java,6,0,0,110,,18,78,,13,53,31.33,20,12.33,8
modules/geronimo-j2ee-builder/src/test/java/org/apache/geronimo/j2ee/deployment/EARConfigBuilderTestSupport.java,12,2,0,330,,28,298,,25,125,52.33,98,20.42,10
modules/geronimo-j2ee-builder/src/test/java/org/apache/geronimo/j2ee/deployment/EJBRefContextTest.java,4,2,0,222,,56,296,,74,259,129.5,98,36.5,10
modules/geronimo-j2ee-builder/src/test/java/org/apache/geronimo/j2ee/deployment/MockConfigStore.java,6,0,0,122,,20,90,,15,39,35.33,20,17.5,8
modules/geronimo-j2ee-builder/src/test/java/org/apache/geronimo/j2ee/deployment/MockConnectorConfigBuilder.java,4,2,0,2,,0,2,,0,2,1,98,36.5,10
modules/geronimo-j2ee-builder/src/test/java/org/apache/geronimo/j2ee/deployment/MockEJBConfigBuilder.java,4,2,0,2,,0,26,,6,14,7,98,36.5,10
modules/geronimo-j2ee-builder/src/test/java/org/apache/geronimo/j2ee/deployment/MockWARConfigBuilder.java,2,0,0,0,,0,0,,0,0,0,20,20,8
modules/geronimo-j2ee-builder/src/test/resources/plans/test-bad-car.xml,2,0,0,0,,0,0,,0,0,0,4,4,8
modules/geronimo-j2ee-builder/src/test/resources/plans/test-bad-ejb-jar.xml,2,0,0,0,,0,0,,0,0,0,4,4,8
modules/geronimo-j2ee-builder/src/test/resources/plans/test-bad-rar.xml,2,0,0,0,,0,0,,0,0,0,4,4,8
modules/geronimo-j2ee-builder/src/test/resources/plans/test-bad-war.xml,2,0,0,0,,0,0,,0,0,0,4,4,8
modules/geronimo-j2ee-builder/src/test/test-setup.xml,2,0,0,0,,0,0,,0,0,0,82,41.5,7
modules/geronimo-j2ee-schema/pom.xml,8,0,0,22,,3,22,,3,9,5.5,51,17,10
modules/geronimo-j2ee-schema/src/main/resources/META-INF/geronimo-dependency.xml,2,0,0,0,,0,0,,0,0,0,1,1,10
modules/geronimo-j2ee-schema/src/test/resources/geronimo/web-md-post.xml,2,0,0,0,,0,0,,0,0,0,82,42,7
modules/geronimo-j2ee-schema/src/test/resources/geronimo/web-md-pre.xml,2,0,0,0,,0,0,,0,0,0,82,42,7
modules/geronimo-jetty/pom.xml,6,0,0,12,,2,14,,2,7,4.33,98,33.5,10
modules/geronimo-jetty/src/main/java/org/apache/geronimo/jetty/cluster/AbstractClusteredHandleInterceptor.java,2,0,0,10,,5,0,,0,5,5,98,53,10
modules/geronimo-jetty/src/main/java/org/apache/geronimo/jetty/cluster/ClusteredSessionManager.java,2,0,0,10,,5,0,,0,5,5,98,53,10
modules/geronimo-jetty/src/main/java/org/apache/geronimo/jetty/cluster/ClusteredWebApplicationHandler.java,2,0,0,10,,5,0,,0,5,5,98,53,10
modules/geronimo-jetty/src/main/java/org/apache/geronimo/jetty/cluster/ClusteredWebApplicationHandlerFactory.java,2,0,0,10,,5,0,,0,5,5,98,53,10
modules/geronimo-jetty/src/main/java/org/apache/geronimo/jetty/DefaultWebApplicationHandlerFactory.java,2,0,0,10,,5,0,,0,5,5,98,54,10
modules/geronimo-jetty/src/main/java/org/apache/geronimo/jetty/GeronimoServletHttpRequest.java,2,0,0,8,,4,0,,0,4,4,98,54,10
modules/geronimo-jetty/src/main/java/org/apache/geronimo/jetty/HandleInterceptor.java,2,0,0,10,,5,0,,0,5,5,98,54,10
modules/geronimo-jetty/src/main/java/org/apache/geronimo/jetty/interceptor/RequestWrappingBeforeAfter.java,2,0,0,0,,0,0,,0,0,0,98,50,10
modules/geronimo-jetty/src/main/java/org/apache/geronimo/jetty/JettyWebAppContext.java,4,2,0,112,,28,170,,42,141,70.5,98,52,10
modules/geronimo-jetty/src/main/java/org/apache/geronimo/jetty/JettyWebApplicationHandler.java,2,0,0,0,,0,0,,0,0,0,82,42,7
modules/geronimo-jetty/src/main/java/org/apache/geronimo/jetty/requestlog/JettyLogManagerImpl.java,2,0,0,0,,0,0,,0,0,0,46,24,8
modules/geronimo-jetty/src/main/java/org/apache/geronimo/jetty/WebApplicationHandlerFactory.java,2,0,0,10,,5,0,,0,5,5,98,54,10
modules/geronimo-jetty/src/main/resources/META-INF/geronimo-dependency.xml,2,0,0,0,,0,0,,0,0,0,82,41.5,7
modules/geronimo-jetty/src/test/java/org/apache/geronimo/jetty/AbstractWebModuleTest.java,2,0,0,0,,0,0,,0,0,0,98,50,10
modules/geronimo-jetty-builder/pom.xml,4,0,0,0,,0,14,,4,7,3.5,51,25.5,8
modules/geronimo-jetty-builder/src/main/java/org/apache/geronimo/jetty/deployment/JettyModuleBuilder.java,4,2,0,792,,198,584,,146,688,344,98,50,10
modules/geronimo-jetty-builder/src/main/schema/geronimo-jetty-1.2.xsd,2,0,0,0,,0,0,,0,0,0,98,49.5,10
modules/geronimo-jetty-builder/src/test/java/org/apache/geronimo/jetty/deployment/JettyModuleBuilderTest.java,4,2,0,30,,8,4,,1,17,8.5,98,51,10
modules/geronimo-jetty-builder/src/test/java/org/apache/geronimo/jetty/deployment/PlanParsingTest.java,4,2,0,52,,13,24,,6,38,19,98,51,10
modules/geronimo-jmx-remoting/pom.xml,6,0,0,14,,2,14,,2,7,4.67,51,22.33,8
modules/geronimo-kernel/pom.xml,4,0,0,0,,0,14,,4,7,3.5,51,25.5,8
modules/geronimo-kernel/src/main/java/org/apache/geronimo/kernel/log/BootstrapJdk14Log.java,2,0,0,0,,0,0,,0,0,0,6,6,8
modules/geronimo-kernel/src/main/java/org/apache/geronimo/kernel/log/BootstrapLog4jLog.java,2,0,0,0,,0,0,,0,0,0,6,6,8
modules/geronimo-kernel/src/main/java/org/apache/geronimo/kernel/log/GeronimoLogging.java,2,0,0,0,,0,0,,0,0,0,6,6,8
modules/geronimo-kernel/src/main/java/org/apache/geronimo/kernel/util/XmlUtil.java,2,0,0,0,,0,0,,0,0,0,82,42,7
modules/geronimo-kernel/src/test/java/org/apache/geronimo/kernel/config/ConfigurationUtilTest.java,2,0,0,0,,0,0,,0,0,0,2,2,8
modules/geronimo-kernel/src/test/java/org/apache/geronimo/kernel/GBeanTest.java,2,0,0,0,,0,0,,0,0,0,2,2,8
modules/geronimo-kernel/src/test/java/org/apache/geronimo/kernel/util/XmlUtilTest.java,2,0,0,0,,0,0,,0,0,0,82,42,7
modules/geronimo-mail/pom.xml,8,0,0,14,,2,54,,7,20,8.5,51,17.5,8
modules/geronimo-mail/src/main/java/org/apache/geronimo/mail/IMAPStoreGBean.java,2,0,0,0,,0,0,,0,0,0,18,17,9
modules/geronimo-mail/src/main/java/org/apache/geronimo/mail/NNTPGBeanConstants.java,2,0,0,10,,5,0,,0,5,5,18,17,9
modules/geronimo-mail/src/main/java/org/apache/geronimo/mail/NNTPStoreGBean.java,2,0,0,18,,9,0,,0,9,9,18,17,9
modules/geronimo-mail/src/main/java/org/apache/geronimo/mail/NNTPTransportGBean.java,2,0,0,20,,10,0,,0,10,10,18,17,9
modules/geronimo-mail/src/main/java/org/apache/geronimo/mail/POP3StoreGBean.java,2,0,0,0,,0,0,,0,0,0,18,17,9
modules/geronimo-mail/src/main/java/org/apache/geronimo/mail/ProtocolGBean.java,2,0,0,0,,0,0,,0,0,0,18,17,9
modules/geronimo-mail/src/main/java/org/apache/geronimo/mail/SMTPSTransportGBean.java,2,0,0,44,,22,0,,0,22,22,18,17,9
modules/geronimo-mail/src/main/java/org/apache/geronimo/mail/SMTPTransportGBean.java,2,0,0,0,,0,0,,0,0,0,18,17,9
modules/geronimo-mail/src/test/java/org/apache/geronimo/mail/MailGBeanTest.java,2,0,0,0,,0,0,,0,0,0,18,10,9
modules/geronimo-management/pom.xml,6,0,0,14,,2,14,,2,7,4.67,51,22.33,8
modules/geronimo-naming/pom.xml,6,0,0,14,,2,14,,2,7,4.67,51,22.33,8
modules/geronimo-naming/src/main/java/org/apache/geronimo/naming/reference/PersistenceContextReference.java,2,2,0,12,,6,0,,0,6,6,98,50,10
modules/geronimo-naming-builder/pom.xml,4,0,0,0,,0,14,,4,7,3.5,51,25.5,8
modules/geronimo-naming-builder/src/main/java/org/apache/geronimo/naming/deployment/AbstractNamingBuilder.java,1,1,0,11,,11,0,,0,11,11,98,98,10
modules/geronimo-naming-builder/src/main/java/org/apache/geronimo/naming/deployment/CorbaRefBuilder.java,1,1,0,6,,6,0,,0,6,6,98,98,10
modules/geronimo-naming-builder/src/main/java/org/apache/geronimo/naming/deployment/ENCConfigBuilder.java,1,1,0,0,,0,0,,0,0,0,98,98,10
modules/geronimo-naming-builder/src/main/java/org/apache/geronimo/naming/deployment/EnvironmentEntryBuilder.java,1,1,0,7,,7,0,,0,7,7,98,98,10
modules/geronimo-naming-builder/src/main/java/org/apache/geronimo/naming/deployment/GBeanRefBuilder.java,1,1,0,29,,29,0,,0,29,29,98,98,10
modules/geronimo-naming-builder/src/main/java/org/apache/geronimo/naming/deployment/PersistenceContextRefBuilder.java,1,1,0,5,,5,0,,0,5,5,98,98,10
modules/geronimo-naming-builder/src/main/java/org/apache/geronimo/naming/deployment/UnavailableRefBuilder.java,1,1,0,6,,6,0,,0,6,6,98,98,10
modules/geronimo-naming-builder/src/main/java/org/apache/geronimo/naming/deployment/UserTransactionRefBuilder.java,1,1,0,6,,6,0,,0,6,6,98,98,10
modules/geronimo-naming-builder/src/main/schema/geronimo-naming-1.2.xsd,2,2,0,0,,0,0,,0,0,0,98,49.5,10
modules/geronimo-naming-builder/src/test/java/org/apache/geronimo/connector/deployment,2,2,0,0,,0,0,,0,0,0,98,49.5,10
modules/geronimo-naming-builder/src/test/java/org/apache/geronimo/naming/deployment/EnvironmentEntryBuilderTest.java,2,2,0,4,,2,0,,0,2,2,98,50,10
modules/geronimo-security/pom.xml,8,0,0,18,,2,40,,5,13,7.25,60,20.88,10
modules/geronimo-security/src/main/java/org/apache/geronimo/security/Callers.java,2,0,0,0,,0,0,,0,0,0,82,42,7
modules/geronimo-security/src/main/java/org/apache/geronimo/security/ContextManager.java,2,0,0,0,,0,0,,0,0,0,6,4,10
modules/geronimo-security/src/main/java/org/apache/geronimo/security/jaas/server/JaasLoginService.java,4,0,0,34,,8,44,,11,39,19.5,60,27.5,10
modules/geronimo-security/src/main/java/org/apache/geronimo/security/remoting/jmx/RequestChannelInterceptorInvoker.java,2,0,0,0,,0,0,,0,0,0,46,24,8
modules/geronimo-security/src/test/java/org/apache/geronimo/security/ContextManagerTest.java,2,0,0,0,,0,0,,0,0,0,2,2,8
modules/geronimo-security/src/test/java/org/apache/geronimo/security/jaas/ConfigurationEntryTest.java,2,0,0,0,,0,0,,0,0,0,3,2.5,8
modules/geronimo-security-builder/pom.xml,4,0,0,0,,0,14,,4,7,3.5,51,25.5,8
modules/geronimo-security-builder/src/main/java/org/apache/geronimo/security/deployment/GeronimoSecurityBuilderImpl.java,4,0,0,8,,2,0,,0,4,2,98,46,10
modules/geronimo-service-builder/pom.xml,4,0,0,0,,0,14,,4,7,3.5,51,25.5,8
modules/geronimo-service-builder/src/main/java/org/apache/geronimo/deployment/service/GBeanBuilder.java,2,0,0,0,,0,0,,0,0,0,98,50,10
modules/geronimo-service-builder/src/main/java/org/apache/geronimo/deployment/service/SingleGBeanBuilder.java,2,0,0,0,,0,0,,0,0,0,82,42,7
modules/geronimo-service-builder/src/main/java/org/apache/geronimo/deployment/xmlbeans/XmlBeansUtil.java,2,2,0,0,,0,0,,0,0,0,98,50,10
modules/geronimo-system/pom.xml,8,0,0,18,,2,18,,2,7,4.5,60,24.38,10
modules/geronimo-system/src/main/java/org/apache/geronimo/system/main/ClientCommandLine.java,2,0,0,0,,0,0,,0,0,0,4,4,10
modules/geronimo-system/src/main/java/org/apache/geronimo/system/main/CommandLine.java,2,0,0,0,,0,0,,0,0,0,4,4,10
modules/geronimo-system/src/main/java/org/apache/geronimo/system/rmi/RMIClassLoaderSpiImpl.java,2,0,0,0,,0,0,,0,0,0,60,31,10
modules/geronimo-test-ddbean/pom.xml,6,0,0,14,,2,14,,2,7,4.67,51,22.33,8
modules/geronimo-test-ddbean/src/main/java/org/apache/geronimo/deployment/tools/DDBeanRootImpl.java,2,0,0,0,,0,0,,0,0,0,4,3,8
modules/geronimo-testsupport/pom.xml,4,0,0,10,,2,0,,0,5,2.5,49,13,8
modules/geronimo-testsupport/src/main/java/org/apache/geronimo/testsupport/TestSupport.java,4,0,0,24,,6,0,,0,12,6,2,2,8
modules/geronimo-timer/pom.xml,8,0,0,26,,3,20,,2,9,5.75,60,24.38,10
modules/geronimo-timer/src/main/java/org/apache/geronimo/timer/ExecutorFeedingTimerTask.java,2,0,0,0,,0,0,,0,0,0,60,32,10
modules/geronimo-timer/src/main/java/org/apache/geronimo/timer/jdbc/JDBCStoreThreadPooledNonTransactionalTimer.java,2,0,0,0,,0,0,,0,0,0,60,32,10
modules/geronimo-timer/src/main/java/org/apache/geronimo/timer/jdbc/JDBCStoreThreadPooledTransactionalTimer.java,2,0,0,0,,0,0,,0,0,0,60,32,10
modules/geronimo-timer/src/main/java/org/apache/geronimo/timer/ThreadPooledTimer.java,2,0,0,0,,0,0,,0,0,0,60,32,10
modules/geronimo-timer/src/main/java/org/apache/geronimo/timer/vm/VMStoreThreadPooledNonTransactionalTimer.java,2,0,0,0,,0,0,,0,0,0,60,33,10
modules/geronimo-timer/src/main/java/org/apache/geronimo/timer/vm/VMStoreThreadPooledTransactionalTimer.java,2,0,0,0,,0,0,,0,0,0,60,33,10
modules/geronimo-timer/src/main/java/org/apache/geronimo/timer/vm/VMWorkerPersistence.java,2,0,0,0,,0,0,,0,0,0,60,33,10
modules/geronimo-timer/src/test/java/org/apache/geronimo/timer/AbstractThreadPooledTimerTest.java,2,0,0,0,,0,0,,0,0,0,60,31,10
modules/geronimo-tomcat/pom.xml,8,0,0,62,,8,44,,6,42,13.25,98,26,10
modules/geronimo-tomcat/src/main/java/org/apache/geronimo/tomcat/cluster/WADIGBean.java,2,0,0,0,,0,0,,0,0,0,98,50,10
modules/geronimo-tomcat/src/main/java/org/apache/geronimo/tomcat/ConnectorGBean.java,4,0,0,38,,10,2,,0,20,10,8,6,10
modules/geronimo-tomcat/src/main/java/org/apache/geronimo/tomcat/HttpsConnectorGBean.java,2,0,0,0,,0,0,,0,0,0,8,8,9
modules/geronimo-tomcat/src/main/java/org/apache/geronimo/tomcat/listener/DispatchListener.java,2,0,0,0,,0,0,,0,0,0,46,24,8
modules/geronimo-tomcat/src/main/java/org/apache/geronimo/tomcat/TomcatLogManagerImpl.java,2,0,0,0,,0,0,,0,0,0,46,24,8
modules/geronimo-tomcat/src/main/java/org/apache/geronimo/tomcat/TomcatSecureConnector.java,2,0,0,0,,0,0,,0,0,0,8,8,9
modules/geronimo-tomcat/src/main/java/org/apache/geronimo/tomcat/TomcatWebConnector.java,4,0,0,8,,2,0,,0,4,2,8,6,10
modules/geronimo-tomcat/src/main/resources/META-INF/geronimo-dependency.xml,2,0,0,0,,0,0,,0,0,0,82,41.5,7
modules/geronimo-tomcat-builder/pom.xml,6,0,0,54,,9,34,,6,37,14.67,51,18.17,8
modules/geronimo-tomcat-builder/src/main/java/org/apache/geronimo/tomcat/deployment/TomcatModuleBuilder.java,2,2,0,0,,0,0,,0,0,0,98,50,10
modules/geronimo-tomcat-builder/src/test/java/org/apache/geronimo/tomcat/deployment/PlanParsingTest.java,2,2,0,0,,0,0,,0,0,0,98,51,10
modules/geronimo-tomcat-builder/src/test/java/org/apache/geronimo/tomcat/deployment/TomcatModuleBuilderTest.java,2,2,0,0,,0,0,,0,0,0,98,51,10
modules/geronimo-transaction/pom.xml,8,0,0,14,,2,30,,4,8,5.5,51,17,8
modules/geronimo-transaction/src/main/java/org/apache/geronimo/transaction/log/HOWLLogGBean.java,2,0,0,0,,0,0,,0,0,0,82,42,7
modules/geronimo-transaction/src/main/java/org/apache/geronimo/transaction/manager/Closeable.java,2,0,0,12,,6,0,,0,6,6,6,6,10
modules/geronimo-transaction/src/main/java/org/apache/geronimo/transaction/manager/GeronimoTransactionManager.java,2,0,0,0,,0,0,,0,0,0,82,44,7
modules/geronimo-transaction/src/main/java/org/apache/geronimo/transaction/manager/MonitorableTransactionManager.java,2,0,0,0,,0,0,,0,0,0,82,44,7
modules/geronimo-transaction/src/main/java/org/apache/geronimo/transaction/manager/TransactionImpl.java,2,0,0,0,,0,0,,0,0,0,6,6,10
modules/geronimo-transaction/src/main/java/org/apache/geronimo/transaction/manager/TransactionManagerImpl.java,2,0,0,0,,0,0,,0,0,0,6,6,10
modules/geronimo-transaction/src/main/java/org/apache/geronimo/transaction/manager/TransactionManagerMonitor.java,2,0,0,0,,0,0,,0,0,0,82,44,7
modules/geronimo-upgrade/pom.xml,6,0,0,14,,2,14,,2,7,4.67,51,22.33,8
modules/geronimo-util/pom.xml,6,0,0,14,,2,14,,2,7,4.67,51,22.33,8
modules/geronimo-util/src/test/java/org/apache/geronimo/util/SimpleEncryptionTest.java,2,0,0,0,,0,0,,0,0,0,2,2,8
modules/geronimo-web-builder/pom.xml,6,0,0,14,,2,14,,2,7,4.67,51,22.33,8
modules/geronimo-web-builder/src/main/java/org/apache/geronimo/web/deployment/AbstractWebModuleBuilder.java,2,2,0,0,,0,0,,0,0,0,98,50,10
modules/geronimo-web-builder/src/test/resources/plans/web-md-post.xml,2,0,0,0,,0,0,,0,0,0,82,42,7
modules/geronimo-web-builder/src/test/resources/plans/web-md-pre.xml,2,0,0,0,,0,0,,0,0,0,82,42,7
modules/geronimo-webservices/pom.xml,8,0,0,14,,2,38,,5,12,6.5,51,17,8
modules/geronimo-webservices/src/main/java/org/apache/geronimo/webservices/WSDLVisitor.java,2,0,0,0,,0,0,,0,0,0,46,24,8
modules/geronimo-webservices/src/main/resources/META-INF/geronimo-dependency.xml,2,0,0,0,,0,0,,0,0,0,82,41.5,7
modules/hot-deploy/pom.xml,2,0,0,0,,0,0,,0,0,0,60,30.5,7
modules/hot-deploy/src/main/java,2,0,0,0,,0,0,,0,0,0,225,113,7
modules/interceptor/pom.xml,4,0,0,0,,0,12,,3,6,3,225,71.75,7
modules/j2ee/pom.xml,2,0,0,0,,0,0,,0,0,0,60,30.5,7
modules/j2ee/src/main/java,2,0,0,0,,0,0,,0,0,0,225,113,7
modules/j2ee/src/test/java/org,2,0,0,0,,0,0,,0,0,0,225,113,7
modules/j2ee-builder/pom.xml,4,0,0,60,,15,0,,0,30,15,225,71.75,7
modules/j2ee-schema/pom.xml,8,0,0,92,,12,150,,19,59,30.25,225,37,7
modules/j2ee-schema/src/main/java,2,0,0,0,,0,0,,0,0,0,5,3.5,7
modules/j2ee-schema/src/main/resources,2,0,0,0,,0,0,,0,0,0,5,3.5,7
modules/j2ee-schema/src/resources2/META-INF/geronimo-dependency.xml,2,0,0,0,,0,0,,0,0,0,2,1.5,7
modules/j2ee-schema/src/test/java/org,2,0,0,0,,0,0,,0,0,0,5,3,7
modules/j2ee-schema/src/test/resources,2,0,0,0,,0,0,,0,0,0,5,3,7
modules/jetty/pom.xml,4,0,0,16,,4,14,,4,15,7.5,225,71.75,7
modules/jetty/src/main/java,2,0,0,0,,0,0,,0,0,0,225,113.5,7
modules/jetty/src/main/resources,2,0,0,0,,0,0,,0,0,0,225,113.5,7
modules/jetty/src/test/java/org/apache/geronimo/jetty/AbstractWebModuleTest.java,2,0,0,0,,0,0,,0,0,0,225,114.5,7
modules/jetty/src/test/java/org/apache/geronimo/jetty/ClassLoaderTest.java,2,0,0,0,,0,0,,0,0,0,225,114.5,7
modules/jetty/src/test/resources,2,0,0,0,,0,0,,0,0,0,225,113,7
modules/jetty-builder/pom.xml,4,0,0,16,,4,2,,0,9,4.5,225,71.75,7
modules/jetty-builder/src/main/java,2,0,0,0,,0,0,,0,0,0,225,113.5,7
modules/jetty-builder/src/main/schema,2,0,0,0,,0,0,,0,0,0,225,113.5,7
modules/jetty-builder/src/test/java/org/apache/geronimo/jetty/deployment/JettyModuleBuilderTest.java,2,0,0,0,,0,0,,0,0,0,225,114.5,7
modules/jetty-builder/src/test/java/org/apache/geronimo/jetty/deployment/PlanParsingTest.java,2,0,0,0,,0,0,,0,0,0,225,114.5,7
modules/jetty-builder/src/test/resources,2,0,0,0,,0,0,,0,0,0,225,113,7
modules/jmx-remoting/pom.xml,2,0,0,0,,0,0,,0,0,0,60,30.5,7
modules/jmx-remoting/src/main/java,2,0,0,0,,0,0,,0,0,0,225,113,7
modules/jmx-remoting/src/test/java/org,2,0,0,0,,0,0,,0,0,0,225,113,7
modules/kernel/pom.xml,4,0,0,14,,4,18,,4,16,8,225,71.75,7
modules/kernel/src/main/java,2,0,0,0,,0,0,,0,0,0,225,113,7
modules/kernel/src/main/resources/META-INF,2,0,0,0,,0,0,,0,0,0,225,113,7
modules/kernel/src/test/data,2,0,0,0,,0,0,,0,0,0,225,113,7
modules/kernel/src/test/java/org/apache/geronimo/kernel/classloader/UrlResourceFinderTest.java,2,0,0,0,,0,0,,0,0,0,225,113.5,7
modules/mail/pom.xml,2,0,0,0,,0,0,,0,0,0,60,30.5,7
modules/mail/src/main/java,2,0,0,0,,0,0,,0,0,0,225,113,7
modules/mail/src/test/java/org,2,0,0,0,,0,0,,0,0,0,225,113,7
modules/mail/src/test/resources,2,0,0,0,,0,0,,0,0,0,225,113,7
modules/management/pom.xml,2,0,0,0,,0,0,,0,0,0,60,30.5,7
modules/management/src/main/java,2,0,0,0,,0,0,,0,0,0,225,113,7
modules/naming/pom.xml,2,0,0,0,,0,0,,0,0,0,60,30.5,7
modules/naming/src/main/java,2,0,0,0,,0,0,,0,0,0,225,113,7
modules/naming/src/test/data,2,0,0,0,,0,0,,0,0,0,225,113,7
modules/naming/src/test/java/org,2,0,0,0,,0,0,,0,0,0,225,113,7
modules/naming-builder/pom.xml,4,0,0,14,,4,0,,0,7,3.5,225,71.75,7
modules/naming-builder/src/main/java,2,0,0,0,,0,0,,0,0,0,225,113.5,7
modules/naming-builder/src/main/schema,2,0,0,0,,0,0,,0,0,0,225,113.5,7
modules/naming-builder/src/test/java/org,2,0,0,0,,0,0,,0,0,0,225,113,7
modules/pom.xml,5,0,0,62,,12,48,,10,90,22,98,47.6,10
modules/scripts/pom.xml,2,0,0,0,,0,0,,0,0,0,60,30.5,7
modules/security/pom.xml,4,0,0,16,,4,2,,0,9,4.5,225,71.75,7
modules/security/src/main/java/org/apache/geronimo/security/Callers.java,2,0,0,0,,0,0,,0,0,0,225,113.5,7
modules/security/src/test/data,2,0,0,0,,0,0,,0,0,0,225,113,7
modules/security/src/test/java/org/apache/geronimo/security/AbstractTest.java,2,0,0,0,,0,0,,0,0,0,225,113.5,7
modules/security/src/test/java/org/apache/geronimo/security/jaas/ConfigurationEntryTest.java,2,0,0,0,,0,0,,0,0,0,225,115.5,7
modules/security/src/test/java/org/apache/geronimo/security/jaas/LoginPropertiesFileTest.java,2,0,0,0,,0,0,,0,0,0,225,115.5,7
modules/security/src/test/java/org/apache/geronimo/security/jaas/TimeoutTest.java,2,0,0,0,,0,0,,0,0,0,225,115.5,7
modules/security/src/test/java/org/apache/geronimo/security/network/protocol/SubjectCarryingProtocolTest.java,2,0,0,0,,0,0,,0,0,0,225,113.5,7
modules/security/src/test/java/org/apache/geronimo/security/remoting/jmx/RemoteLoginTest.java,2,0,0,0,,0,0,,0,0,0,225,113.5,7
modules/security-builder/pom.xml,4,0,0,16,,4,2,,0,9,4.5,225,71.75,7
modules/security-builder/src/main/java,2,0,0,0,,0,0,,0,0,0,225,113.5,7
modules/security-builder/src/main/schema,2,0,0,0,,0,0,,0,0,0,225,113.5,7
modules/service-builder/pom.xml,4,0,0,14,,4,2,,0,8,4,225,71.75,7
modules/service-builder/src/main/java/org/apache/geronimo/deployment/service/GBeanBuilder.java,2,0,0,0,,0,0,,0,0,0,225,113.5,7
modules/service-builder/src/main/schema,2,0,0,0,,0,0,,0,0,0,225,113,7
modules/service-builder/src/test/java/org,2,0,0,0,,0,0,,0,0,0,225,113,7
modules/service-builder/src/test/resources,2,0,0,0,,0,0,,0,0,0,225,113,7
modules/system/pom.xml,4,0,0,14,,4,36,,9,25,12.5,225,71.75,7
modules/system/src/main/java,2,0,0,0,,0,0,,0,0,0,225,113,7
modules/system/src/main/resources/META-INF/schema,2,0,0,0,,0,0,,0,0,0,225,113,7
modules/system/src/test/data,2,0,0,0,,0,0,,0,0,0,225,113.5,7
modules/system/src/test/java/org,2,0,0,0,,0,0,,0,0,0,225,113,7
modules/system/src/test/repo,2,0,0,0,,0,0,,0,0,0,225,113.5,7
modules/test-ddbean/pom.xml,2,0,0,0,,0,0,,0,0,0,60,30.5,7
modules/test-ddbean/src/main/java,2,0,0,0,,0,0,,0,0,0,225,113,7
modules/test-ddbean/src/test/java/org,2,0,0,0,,0,0,,0,0,0,225,113,7
modules/test-ddbean/src/test/resources,2,0,0,0,,0,0,,0,0,0,225,113,7
modules/timer/pom.xml,2,0,0,0,,0,0,,0,0,0,60,30.5,7
modules/timer/src/main/java,2,0,0,0,,0,0,,0,0,0,225,113,7
modules/timer/src/test/java/org,2,0,0,0,,0,0,,0,0,0,225,113,7
modules/tomcat/pom.xml,4,0,0,18,,4,4,,1,11,5.5,225,71.75,7
modules/tomcat/src/main/java,2,0,0,0,,0,0,,0,0,0,225,113.5,7
modules/tomcat/src/main/resources,2,0,0,0,,0,0,,0,0,0,225,113.5,7
modules/tomcat/src/test/java/org/apache/geronimo/tomcat/AbstractWebModuleTest.java,2,0,0,0,,0,0,,0,0,0,225,113.5,7
modules/tomcat/src/test/resources,2,0,0,0,,0,0,,0,0,0,225,113,7
modules/tomcat-builder/pom.xml,4,0,0,30,,8,28,,7,29,14.5,225,71.75,7
modules/tomcat-builder/src/main/java,2,0,0,0,,0,0,,0,0,0,225,113.5,7
modules/tomcat-builder/src/main/schema,2,0,0,0,,0,0,,0,0,0,225,113.5,7
modules/tomcat-builder/src/test/data,2,0,0,0,,0,0,,0,0,0,225,113.5,7
modules/tomcat-builder/src/test/java/org/apache/geronimo/tomcat/deployment/TomcatModuleBuilderTest.java,2,0,0,0,,0,0,,0,0,0,225,113.5,7
modules/tomcat-builder/src/test/resources,2,0,0,0,,0,0,,0,0,0,225,113.5,7
modules/transaction/pom.xml,2,0,0,0,,0,0,,0,0,0,60,30.5,7
modules/transaction/src/main/java,2,0,0,0,,0,0,,0,0,0,225,113,7
modules/transaction/src/test/java/org,2,0,0,0,,0,0,,0,0,0,225,113,7
modules/upgrade/pom.xml,4,0,0,2,,0,0,,0,1,0.5,225,71.75,7
modules/upgrade/src/main/java,2,0,0,0,,0,0,,0,0,0,225,113,7
modules/upgrade/src/test/data,2,0,0,0,,0,0,,0,0,0,225,113,7
modules/upgrade/src/test/java/org,2,0,0,0,,0,0,,0,0,0,225,113,7
modules/util/pom.xml,2,0,0,0,,0,0,,0,0,0,60,30.5,7
modules/util/src/main/java,2,0,0,0,,0,0,,0,0,0,225,113,7
modules/util/src/test/java/org,2,0,0,0,,0,0,,0,0,0,225,113,7
modules/web-builder/pom.xml,2,0,0,0,,0,0,,0,0,0,60,30.5,7
modules/web-builder/src/main/java,2,0,0,0,,0,0,,0,0,0,225,113.5,7
modules/web-builder/src/main/schema,2,0,0,0,,0,0,,0,0,0,225,113.5,7
modules/web-builder/src/test/java/org,2,0,0,0,,0,0,,0,0,0,225,113,7
modules/web-builder/src/test/resources,2,0,0,0,,0,0,,0,0,0,225,113,7
modules/webservices/pom.xml,4,0,0,0,,0,16,,4,8,4,225,71.75,7
modules/webservices/src/main/java,2,0,0,0,,0,0,,0,0,0,225,113.5,7
modules/webservices/src/main/resources,2,0,0,0,,0,0,,0,0,0,225,113.5,7
plugins/geronimo-assembly-plugin/maven.xml,2,0,0,0,,0,0,,0,0,0,25,14,7
plugins/geronimo-assembly-plugin/project.properties,2,0,0,0,,0,0,,0,0,0,25,14,7
plugins/geronimo-assembly-plugin/project.xml,2,0,0,0,,0,0,,0,0,0,25,14,7
plugins/geronimo-dependency-plugin/maven.xml,2,0,0,0,,0,0,,0,0,0,25,14,7
plugins/geronimo-dependency-plugin/project.properties,2,0,0,0,,0,0,,0,0,0,25,14,7
plugins/geronimo-dependency-plugin/project.xml,2,0,0,0,,0,0,,0,0,0,25,14,7
plugins/geronimo-deployment-plugin/maven.xml,2,0,0,0,,0,0,,0,0,0,25,14,7
plugins/geronimo-deployment-plugin/project.properties,2,0,0,0,,0,0,,0,0,0,25,14,7
plugins/geronimo-deployment-plugin/project.xml,2,0,0,0,,0,0,,0,0,0,25,14,7
plugins/geronimo-packaging-plugin/maven.xml,2,0,0,0,,0,0,,0,0,0,25,14,7
plugins/geronimo-packaging-plugin/project.properties,2,0,0,0,,0,0,,0,0,0,25,14,7
plugins/geronimo-packaging-plugin/project.xml,2,0,0,0,,0,0,,0,0,0,25,14,7
plugins/project.properties,1,0,0,0,,0,0,,0,0,0,25,25,7
pom.xml,27,0,0,282,,10,227,,8,71,18.85,225,21.26,10
project.properties,1,0,0,0,,0,0,,0,0,0,4,4,7
project.xml,1,0,0,0,,0,0,,0,0,0,4,4,7
STATUS,1,0,0,0,,0,0,,0,0,0,1,1,7
testsuite/console-testsuite/basic/pom.xml,8,0,0,144,,18,42,,5,42,23.25,13,3.5,9
testsuite/console-testsuite/basic/src/test/java/org/apache/geronimo/testsuite/console/ConsoleTestSupport.java,2,0,0,30,,15,0,,0,15,15,13,11.5,9
testsuite/console-testsuite/basic/src/test/java/org/apache/geronimo/testsuite/console/ExtendedSelenium.java,2,0,0,30,,15,0,,0,15,15,13,11.5,9
testsuite/console-testsuite/basic/src/test/java/org/apache/geronimo/testsuite/console/LinkCheckTest.java,2,0,0,98,,49,0,,0,49,49,13,11.5,9
testsuite/console-testsuite/basic/src/test/java/org/apache/geronimo/testsuite/console/SeleniumTestSupport.java,2,0,0,30,,15,0,,0,15,15,13,11.5,9
testsuite/console-testsuite/basic/src/test/java/org/apache/geronimo/testsuite/console/SimpleLoginTest.java,4,0,0,274,,68,138,,34,119,103,13,7.5,9
testsuite/console-testsuite/basic-junit/pom.xml,6,0,0,6,,1,42,,7,24,8,7,2.33,9
testsuite/console-testsuite/basic-junit/src/test/java/org/apache/geronimo/testsuite/console/SimpleLogin2Test.java,4,0,0,0,,0,0,,0,0,0,7,6.25,9
testsuite/console-testsuite/basic-junit/src/test/java/org/apache/geronimo/testsuite/console/SimpleLoginTest.java,4,0,0,0,,0,0,,0,0,0,7,6.25,9
testsuite/console-testsuite/basic-junit/src/test/java/org/apache/geronimo/testsuite/console/StartSeleniumDecorator.java,4,0,0,0,,0,0,,0,0,0,7,6.25,9
testsuite/console-testsuite/pom.xml,12,0,0,515,,43,289,,24,216,67,13,2.67,10
testsuite/deployment-testsuite/basic,2,0,0,0,,0,0,,0,0,0,2,1.5,10
testsuite/deployment-testsuite/pom.xml,6,0,0,132,,22,22,,4,39,25.67,15,4.17,10
testsuite/deployment-testsuite/test-deployments/pom.xml,4,0,0,2,,0,2,,0,2,1,6,2.5,10
testsuite/deployment-testsuite/test-deployments/src/test/java/org/apache/geronimo/testsuite/deployment/Ear13Test.java,2,0,0,30,,15,0,,0,15,15,6,5,10
testsuite/deployment-testsuite/test-deployments/src/test/java/org/apache/geronimo/testsuite/deployment/Ear14Test.java,2,0,0,30,,15,0,,0,15,15,6,5,10
testsuite/deployment-testsuite/test-deployments/src/test/java/org/apache/geronimo/testsuite/deployment/ExtendedSelenium.java,2,0,0,0,,0,0,,0,0,0,9,8.5,10
testsuite/deployment-testsuite/test-deployments/src/test/java/org/apache/geronimo/testsuite/deployment/SeleniumTestSupport.java,2,0,0,0,,0,0,,0,0,0,9,8.5,10
testsuite/deployment-testsuite/test-deployments/src/test/java/org/apache/geronimo/testsuite/deployment/TestEar13Test.java,4,0,0,12,,3,2,,0,6,3.5,9,6.25,10
testsuite/deployment-testsuite/test-deployments/src/test/java/org/apache/geronimo/testsuite/deployment/TestEar14Test.java,4,0,0,12,,3,2,,0,6,3.5,9,6.25,10
testsuite/pom.xml,4,0,0,141,,35,11,,3,76,38,13,7.5,10
testsupport/pom.xml,4,0,0,102,,26,4,,1,48,26.5,109,40.5,8
testsupport/src/site/site.xml,2,0,0,0,,0,0,,0,0,0,1,1,8
testsupport/test-deployment-j2ee_1.3/pom.xml,2,0,0,98,,49,0,,0,49,49,109,55,8
testsupport/test-deployment-j2ee_1.3/test-ear-j2ee_1.3/LICENSE.txt,2,0,0,0,,0,0,,0,0,0,8,5,8
testsupport/test-deployment-j2ee_1.3/test-ear-j2ee_1.3/NOTICE.txt,2,0,0,2,,1,0,,0,1,1,8,5,8
testsupport/test-deployment-j2ee_1.3/test-ear-j2ee_1.3/pom.xml,4,0,0,214,,54,0,,0,100,53.5,109,28.75,10
testsupport/test-deployment-j2ee_1.3/test-ear-j2ee_1.3/src/main/resources/META-INF/application.xml,2,0,0,0,,0,0,,0,0,0,109,55.5,8
testsupport/test-deployment-j2ee_1.3/test-ear-j2ee_1.3/src/main/resources/META-INF/geronimo-application.xml,6,0,0,8,,1,0,,0,2,1.33,109,20.17,10
testsupport/test-deployment-j2ee_1.3/test-ejb-j2ee_1.3/LICENSE.txt,2,0,0,0,,0,0,,0,0,0,8,5,8
testsupport/test-deployment-j2ee_1.3/test-ejb-j2ee_1.3/NOTICE.txt,2,0,0,2,,1,0,,0,1,1,8,5,8
testsupport/test-deployment-j2ee_1.3/test-ejb-j2ee_1.3/pom.xml,2,0,0,104,,52,0,,0,52,52,109,55,8
testsupport/test-deployment-j2ee_1.3/test-ejb-j2ee_1.3/src/main/java/org/openejb/test/simple/bmp/SimpleBMPEntity.java,2,0,0,70,,35,0,,0,35,35,109,59.5,8
testsupport/test-deployment-j2ee_1.3/test-ejb-j2ee_1.3/src/main/java/org/openejb/test/simple/bmp/SimpleBMPEntityEJB.java,2,0,0,176,,88,0,,0,88,88,109,59.5,8
testsupport/test-deployment-j2ee_1.3/test-ejb-j2ee_1.3/src/main/java/org/openejb/test/simple/bmp/SimpleBMPEntityHome.java,2,0,0,70,,35,0,,0,35,35,109,59.5,8
testsupport/test-deployment-j2ee_1.3/test-ejb-j2ee_1.3/src/main/java/org/openejb/test/simple/bmp/SimpleBMPEntityLocal.java,2,0,0,68,,34,0,,0,34,34,109,59.5,8
testsupport/test-deployment-j2ee_1.3/test-ejb-j2ee_1.3/src/main/java/org/openejb/test/simple/bmp/SimpleBMPEntityLocalHome.java,2,0,0,66,,33,0,,0,33,33,109,59.5,8
testsupport/test-deployment-j2ee_1.3/test-ejb-j2ee_1.3/src/main/java/org/openejb/test/simple/cmp/SimpleCMPEntity.java,2,0,0,80,,40,0,,0,40,40,109,59.5,8
testsupport/test-deployment-j2ee_1.3/test-ejb-j2ee_1.3/src/main/java/org/openejb/test/simple/cmp/SimpleCMPEntityEJB.java,2,0,0,152,,76,0,,0,76,76,109,59.5,8
testsupport/test-deployment-j2ee_1.3/test-ejb-j2ee_1.3/src/main/java/org/openejb/test/simple/cmp/SimpleCMPEntityHome.java,2,0,0,70,,35,0,,0,35,35,109,59.5,8
testsupport/test-deployment-j2ee_1.3/test-ejb-j2ee_1.3/src/main/java/org/openejb/test/simple/cmp/SimpleCMPEntityLocal.java,2,0,0,78,,39,0,,0,39,39,109,59.5,8
testsupport/test-deployment-j2ee_1.3/test-ejb-j2ee_1.3/src/main/java/org/openejb/test/simple/cmp/SimpleCMPEntityLocalHome.java,2,0,0,68,,34,0,,0,34,34,109,59.5,8
testsupport/test-deployment-j2ee_1.3/test-ejb-j2ee_1.3/src/main/java/org/openejb/test/simple/sfsb/SimpleStatefulSession.java,2,0,0,66,,33,0,,0,33,33,109,59.5,8
testsupport/test-deployment-j2ee_1.3/test-ejb-j2ee_1.3/src/main/java/org/openejb/test/simple/sfsb/SimpleStatefulSessionEJB.java,2,0,0,120,,60,0,,0,60,60,109,59.5,8
testsupport/test-deployment-j2ee_1.3/test-ejb-j2ee_1.3/src/main/java/org/openejb/test/simple/sfsb/SimpleStatefulSessionHome.java,2,0,0,66,,33,0,,0,33,33,109,59.5,8
testsupport/test-deployment-j2ee_1.3/test-ejb-j2ee_1.3/src/main/java/org/openejb/test/simple/sfsb/SimpleStatefulSessionLocal.java,2,0,0,64,,32,0,,0,32,32,109,59.5,8
testsupport/test-deployment-j2ee_1.3/test-ejb-j2ee_1.3/src/main/java/org/openejb/test/simple/sfsb/SimpleStatefulSessionLocalHome.java,2,0,0,64,,32,0,,0,32,32,109,59.5,8
testsupport/test-deployment-j2ee_1.3/test-ejb-j2ee_1.3/src/main/java/org/openejb/test/simple/slsb/SimpleStatelessSession.java,2,0,0,64,,32,0,,0,32,32,109,59.5,8
testsupport/test-deployment-j2ee_1.3/test-ejb-j2ee_1.3/src/main/java/org/openejb/test/simple/slsb/SimpleStatelessSessionEJB.java,2,0,0,106,,53,0,,0,53,53,109,59.5,8
testsupport/test-deployment-j2ee_1.3/test-ejb-j2ee_1.3/src/main/java/org/openejb/test/simple/slsb/SimpleStatelessSessionHome.java,2,0,0,62,,31,0,,0,31,31,109,59.5,8
testsupport/test-deployment-j2ee_1.3/test-ejb-j2ee_1.3/src/main/java/org/openejb/test/simple/slsb/SimpleStatelessSessionLocal.java,2,0,0,62,,31,0,,0,31,31,109,59.5,8
testsupport/test-deployment-j2ee_1.3/test-ejb-j2ee_1.3/src/main/java/org/openejb/test/simple/slsb/SimpleStatelessSessionLocalHome.java,2,0,0,62,,31,0,,0,31,31,109,59.5,8
testsupport/test-deployment-j2ee_1.3/test-ejb-j2ee_1.3/src/main/resources/META-INF/ejb-jar.xml,2,0,0,292,,146,0,,0,146,146,109,55.5,8
testsupport/test-deployment-j2ee_1.3/test-ejb-j2ee_1.3/src/main/resources/META-INF/openejb-jar.xml,4,0,0,136,,34,32,,8,67,42,109,29,10
testsupport/test-deployment-j2ee_1.3/test-rar-j2ee_1.3/LICENSE.txt,2,0,0,0,,0,0,,0,0,0,8,5,8
testsupport/test-deployment-j2ee_1.3/test-rar-j2ee_1.3/NOTICE.txt,2,0,0,2,,1,0,,0,1,1,8,5,8
testsupport/test-deployment-j2ee_1.3/test-rar-j2ee_1.3/pom.xml,2,0,0,104,,52,0,,0,52,52,109,55,8
testsupport/test-deployment-j2ee_1.3/test-rar-j2ee_1.3/src/main/rar/META-INF/geronimo-ra.xml,6,0,0,136,,23,14,,2,68,25,109,20,10
testsupport/test-deployment-j2ee_1.3/test-rar-j2ee_1.3/src/main/rar/META-INF/ra.xml,2,0,0,222,,111,0,,0,111,111,109,55.5,8
testsupport/test-deployment-j2ee_1.3/test-war-j2ee_1.3/LICENSE.txt,2,0,0,0,,0,0,,0,0,0,8,5,8
testsupport/test-deployment-j2ee_1.3/test-war-j2ee_1.3/NOTICE.txt,2,0,0,2,,1,0,,0,1,1,8,5,8
testsupport/test-deployment-j2ee_1.3/test-war-j2ee_1.3/pom.xml,2,0,0,164,,82,0,,0,82,82,109,55,8
testsupport/test-deployment-j2ee_1.3/test-war-j2ee_1.3/src/main/webapp/hello.txt,2,0,0,2,,1,0,,0,1,1,109,55,8
testsupport/test-deployment-j2ee_1.3/test-war-j2ee_1.3/src/main/webapp/index.html,2,0,0,18,,9,0,,0,9,9,2,1.5,10
testsupport/test-deployment-j2ee_1.3/test-war-j2ee_1.3/src/main/webapp/WEB-INF/geronimo-web.xml,4,0,0,100,,25,30,,8,48,32.5,109,29,10
testsupport/test-deployment-j2ee_1.3/test-war-j2ee_1.3/src/main/webapp/WEB-INF/web.xml,2,0,0,84,,42,0,,0,42,42,109,55.5,8
testsupport/test-deployment-j2ee_1.4/pom.xml,2,0,0,98,,49,0,,0,49,49,109,55,8
testsupport/test-deployment-j2ee_1.4/test-ear-j2ee_1.4/LICENSE.txt,2,0,0,0,,0,0,,0,0,0,8,5,8
testsupport/test-deployment-j2ee_1.4/test-ear-j2ee_1.4/NOTICE.txt,2,0,0,2,,1,0,,0,1,1,8,5,8
testsupport/test-deployment-j2ee_1.4/test-ear-j2ee_1.4/pom.xml,4,0,0,216,,54,0,,0,100,54,109,28.75,10
testsupport/test-deployment-j2ee_1.4/test-ear-j2ee_1.4/src/main/resources/META-INF/application.xml,2,0,0,0,,0,0,,0,0,0,109,55.5,8
testsupport/test-deployment-j2ee_1.4/test-ear-j2ee_1.4/src/main/resources/META-INF/geronimo-application.xml,6,0,0,8,,1,0,,0,2,1.33,109,20.17,10
testsupport/test-deployment-j2ee_1.4/test-ejb-j2ee_1.4/LICENSE.txt,2,0,0,0,,0,0,,0,0,0,8,5,8
testsupport/test-deployment-j2ee_1.4/test-ejb-j2ee_1.4/NOTICE.txt,2,0,0,2,,1,0,,0,1,1,8,5,8
testsupport/test-deployment-j2ee_1.4/test-ejb-j2ee_1.4/pom.xml,2,0,0,104,,52,0,,0,52,52,109,55,8
testsupport/test-deployment-j2ee_1.4/test-ejb-j2ee_1.4/src/main/java/org/openejb/test/simple/bmp/SimpleBMPEntity.java,2,0,0,70,,35,0,,0,35,35,109,59.5,8
testsupport/test-deployment-j2ee_1.4/test-ejb-j2ee_1.4/src/main/java/org/openejb/test/simple/bmp/SimpleBMPEntityEJB.java,2,0,0,176,,88,0,,0,88,88,109,59.5,8
testsupport/test-deployment-j2ee_1.4/test-ejb-j2ee_1.4/src/main/java/org/openejb/test/simple/bmp/SimpleBMPEntityHome.java,2,0,0,70,,35,0,,0,35,35,109,59.5,8
testsupport/test-deployment-j2ee_1.4/test-ejb-j2ee_1.4/src/main/java/org/openejb/test/simple/bmp/SimpleBMPEntityLocal.java,2,0,0,68,,34,0,,0,34,34,109,59.5,8
testsupport/test-deployment-j2ee_1.4/test-ejb-j2ee_1.4/src/main/java/org/openejb/test/simple/bmp/SimpleBMPEntityLocalHome.java,2,0,0,66,,33,0,,0,33,33,109,59.5,8
testsupport/test-deployment-j2ee_1.4/test-ejb-j2ee_1.4/src/main/java/org/openejb/test/simple/cmp/SimpleCMPEntity.java,2,0,0,80,,40,0,,0,40,40,109,59.5,8
testsupport/test-deployment-j2ee_1.4/test-ejb-j2ee_1.4/src/main/java/org/openejb/test/simple/cmp/SimpleCMPEntityEJB.java,2,0,0,152,,76,0,,0,76,76,109,59.5,8
testsupport/test-deployment-j2ee_1.4/test-ejb-j2ee_1.4/src/main/java/org/openejb/test/simple/cmp/SimpleCMPEntityHome.java,2,0,0,70,,35,0,,0,35,35,109,59.5,8
testsupport/test-deployment-j2ee_1.4/test-ejb-j2ee_1.4/src/main/java/org/openejb/test/simple/cmp/SimpleCMPEntityLocal.java,2,0,0,78,,39,0,,0,39,39,109,59.5,8
testsupport/test-deployment-j2ee_1.4/test-ejb-j2ee_1.4/src/main/java/org/openejb/test/simple/cmp/SimpleCMPEntityLocalHome.java,2,0,0,68,,34,0,,0,34,34,109,59.5,8
testsupport/test-deployment-j2ee_1.4/test-ejb-j2ee_1.4/src/main/java/org/openejb/test/simple/sfsb/SimpleStatefulSession.java,2,0,0,66,,33,0,,0,33,33,109,59.5,8
testsupport/test-deployment-j2ee_1.4/test-ejb-j2ee_1.4/src/main/java/org/openejb/test/simple/sfsb/SimpleStatefulSessionEJB.java,2,0,0,120,,60,0,,0,60,60,109,59.5,8
testsupport/test-deployment-j2ee_1.4/test-ejb-j2ee_1.4/src/main/java/org/openejb/test/simple/sfsb/SimpleStatefulSessionHome.java,2,0,0,66,,33,0,,0,33,33,109,59.5,8
testsupport/test-deployment-j2ee_1.4/test-ejb-j2ee_1.4/src/main/java/org/openejb/test/simple/sfsb/SimpleStatefulSessionLocal.java,2,0,0,64,,32,0,,0,32,32,109,59.5,8
testsupport/test-deployment-j2ee_1.4/test-ejb-j2ee_1.4/src/main/java/org/openejb/test/simple/sfsb/SimpleStatefulSessionLocalHome.java,2,0,0,64,,32,0,,0,32,32,109,59.5,8
testsupport/test-deployment-j2ee_1.4/test-ejb-j2ee_1.4/src/main/java/org/openejb/test/simple/slsb/SimpleStatelessSession.java,2,0,0,64,,32,0,,0,32,32,109,59.5,8
testsupport/test-deployment-j2ee_1.4/test-ejb-j2ee_1.4/src/main/java/org/openejb/test/simple/slsb/SimpleStatelessSessionEJB.java,2,0,0,106,,53,0,,0,53,53,109,59.5,8
testsupport/test-deployment-j2ee_1.4/test-ejb-j2ee_1.4/src/main/java/org/openejb/test/simple/slsb/SimpleStatelessSessionHome.java,2,0,0,62,,31,0,,0,31,31,109,59.5,8
testsupport/test-deployment-j2ee_1.4/test-ejb-j2ee_1.4/src/main/java/org/openejb/test/simple/slsb/SimpleStatelessSessionLocal.java,2,0,0,62,,31,0,,0,31,31,109,59.5,8
testsupport/test-deployment-j2ee_1.4/test-ejb-j2ee_1.4/src/main/java/org/openejb/test/simple/slsb/SimpleStatelessSessionLocalHome.java,2,0,0,62,,31,0,,0,31,31,109,59.5,8
testsupport/test-deployment-j2ee_1.4/test-ejb-j2ee_1.4/src/main/resources/META-INF/ejb-jar.xml,2,0,0,288,,144,0,,0,144,144,109,55.5,8
testsupport/test-deployment-j2ee_1.4/test-ejb-j2ee_1.4/src/main/resources/META-INF/openejb-jar.xml,4,0,0,136,,34,32,,8,67,42,109,29,10
testsupport/test-deployment-j2ee_1.4/test-rar-j2ee_1.4/LICENSE.txt,2,0,0,0,,0,0,,0,0,0,8,5,8
testsupport/test-deployment-j2ee_1.4/test-rar-j2ee_1.4/NOTICE.txt,2,0,0,2,,1,0,,0,1,1,8,5,8
testsupport/test-deployment-j2ee_1.4/test-rar-j2ee_1.4/pom.xml,2,0,0,104,,52,0,,0,52,52,109,55,8
testsupport/test-deployment-j2ee_1.4/test-rar-j2ee_1.4/src/main/rar/META-INF/geronimo-ra.xml,6,0,0,136,,23,14,,2,68,25,109,20,10
testsupport/test-deployment-j2ee_1.4/test-rar-j2ee_1.4/src/main/rar/META-INF/ra.xml,2,0,0,222,,111,0,,0,111,111,109,55.5,8
testsupport/test-deployment-j2ee_1.4/test-war-j2ee_1.4/LICENSE.txt,2,0,0,0,,0,0,,0,0,0,8,5,8
testsupport/test-deployment-j2ee_1.4/test-war-j2ee_1.4/NOTICE.txt,2,0,0,2,,1,0,,0,1,1,8,5,8
testsupport/test-deployment-j2ee_1.4/test-war-j2ee_1.4/pom.xml,2,0,0,164,,82,0,,0,82,82,109,55,8
testsupport/test-deployment-j2ee_1.4/test-war-j2ee_1.4/src/main/webapp/hello.txt,2,0,0,2,,1,0,,0,1,1,109,55,8
testsupport/test-deployment-j2ee_1.4/test-war-j2ee_1.4/src/main/webapp/index.html,2,0,0,18,,9,0,,0,9,9,2,1.5,10
testsupport/test-deployment-j2ee_1.4/test-war-j2ee_1.4/src/main/webapp/WEB-INF/geronimo-web.xml,4,0,0,100,,25,30,,8,48,32.5,109,29,10
testsupport/test-deployment-j2ee_1.4/test-war-j2ee_1.4/src/main/webapp/WEB-INF/web.xml,2,0,0,84,,42,0,,0,42,42,109,55.5,8
testsupport/testsupport-common/NOTICE.txt,2,0,0,0,,0,0,,0,0,0,51,26.5,8
testsupport/testsupport-common/pom.xml,2,0,0,0,,0,0,,0,0,0,51,26.5,8
testsupport/testsupport-common/src/main/java/org/apache/geronimo/testsupport/TestSupport.java,6,0,0,84,,14,2,,0,36,14.33,51,10.17,8
xdocs/20031031_jboss.pdf,2,0,0,0,,0,0,,0,0,0,2,2,7
xdocs/20041028_jbossresponse.pdf,2,0,0,0,,0,0,,0,0,0,2,2,7
